sample	pop	contgroup	sex
HG01879	ACB	AFR	1
HG01880	ACB	AFR	2
HG01881	ACB	AFR	2
HG01882	ACB	AFR	1
HG01883	ACB	AFR	2
HG01888	ACB	AFR	1
HG01884	ACB	AFR	2
HG01885	ACB	AFR	1
HG01956	ACB	AFR	2
HG01886	ACB	AFR	2
HG01887	ACB	AFR	1
HG02014	ACB	AFR	1
HG01889	ACB	AFR	2
HG01890	ACB	AFR	1
HG01891	ACB	AFR	2
HG01894	ACB	AFR	2
HG01895	ACB	AFR	1
HG01912	ACB	AFR	1
HG01896	ACB	AFR	2
HG01897	ACB	AFR	1
HG02013	ACB	AFR	1
HG01985	ACB	AFR	2
HG01914	ACB	AFR	1
HG01915	ACB	AFR	2
HG01916	ACB	AFR	2
HG01958	ACB	AFR	2
HG01959	ACB	AFR	2
HG01986	ACB	AFR	1
HG01960	ACB	AFR	2
HG01988	ACB	AFR	1
HG01989	ACB	AFR	2
HG01987	ACB	AFR	1
HG01990	ACB	AFR	1
HG02012	ACB	AFR	2
HG02009	ACB	AFR	1
HG02010	ACB	AFR	2
HG02011	ACB	AFR	1
HG02051	ACB	AFR	1
HG02052	ACB	AFR	2
HG02053	ACB	AFR	1
HG02054	ACB	AFR	2
HG02055	ACB	AFR	1
HG02095	ACB	AFR	2
HG02332	ACB	AFR	1
HG02107	ACB	AFR	1
HG02108	ACB	AFR	2
HG02111	ACB	AFR	2
HG02143	ACB	AFR	1
HG02144	ACB	AFR	2
HG02145	ACB	AFR	1
HG02255	ACB	AFR	1
HG02256	ACB	AFR	2
HG02257	ACB	AFR	2
HG02258	ACB	AFR	1
HG02314	ACB	AFR	1
HG02315	ACB	AFR	2
HG02280	ACB	AFR	2
HG02307	ACB	AFR	1
HG02308	ACB	AFR	2
HG02281	ACB	AFR	1
HG02282	ACB	AFR	2
HG02321	ACB	AFR	2
HG02283	ACB	AFR	1
HG02309	ACB	AFR	2
HG02284	ACB	AFR	1
HG02316	ACB	AFR	1
HG02317	ACB	AFR	1
HG02318	ACB	AFR	2
HG02322	ACB	AFR	2
HG02323	ACB	AFR	1
HG02325	ACB	AFR	2
HG02337	ACB	AFR	2
HG02334	ACB	AFR	1
HG02330	ACB	AFR	1
HG02339	ACB	AFR	2
HG02343	ACB	AFR	1
HG02419	ACB	AFR	2
HG02420	ACB	AFR	1
HG02427	ACB	AFR	2
HG02428	ACB	AFR	1
HG02429	ACB	AFR	1
HG02436	ACB	AFR	1
HG02433	ACB	AFR	1
HG02439	ACB	AFR	1
HG02442	ACB	AFR	1
HG02445	ACB	AFR	1
HG02489	ACB	AFR	1
HG02449	ACB	AFR	1
HG02450	ACB	AFR	2
HG02451	ACB	AFR	2
HG02455	ACB	AFR	1
HG02470	ACB	AFR	1
HG02471	ACB	AFR	2
HG02476	ACB	AFR	2
HG02477	ACB	AFR	2
HG02478	ACB	AFR	1
HG02479	ACB	AFR	2
HG02480	ACB	AFR	2
HG02481	ACB	AFR	1
HG02484	ACB	AFR	1
HG02485	ACB	AFR	2
HG02486	ACB	AFR	1
HG02511	ACB	AFR	2
HG02496	ACB	AFR	1
HG02497	ACB	AFR	2
HG02501	ACB	AFR	1
HG02502	ACB	AFR	2
HG02505	ACB	AFR	2
HG02508	ACB	AFR	2
HG02536	ACB	AFR	1
HG02537	ACB	AFR	2
HG02541	ACB	AFR	1
HG02545	ACB	AFR	1
HG02546	ACB	AFR	2
HG02547	ACB	AFR	1
HG02549	ACB	AFR	2
HG02554	ACB	AFR	1
HG02555	ACB	AFR	2
HG02557	ACB	AFR	1
HG02558	ACB	AFR	2
HG02559	ACB	AFR	2
HG02577	ACB	AFR	2
HG02580	ACB	AFR	2
NA19625	ASW	AFR	2
NA20274	ASW	AFR	2
NA19700	ASW	AFR	1
NA19701	ASW	AFR	2
NA19702	ASW	AFR	1
NA19703	ASW	AFR	1
NA19704	ASW	AFR	2
NA19705	ASW	AFR	1
NA19707	ASW	AFR	2
NA19708	ASW	AFR	2
NA19711	ASW	AFR	1
NA19712	ASW	AFR	2
NA19818	ASW	AFR	1
NA19819	ASW	AFR	2
NA19828	ASW	AFR	1
NA19834	ASW	AFR	1
NA19835	ASW	AFR	2
NA19836	ASW	AFR	2
NA19900	ASW	AFR	1
NA19901	ASW	AFR	2
NA19902	ASW	AFR	2
NA19904	ASW	AFR	1
NA19905	ASW	AFR	2
NA19913	ASW	AFR	2
NA19908	ASW	AFR	1
NA19909	ASW	AFR	2
NA19919	ASW	AFR	1
NA19914	ASW	AFR	2
NA19915	ASW	AFR	1
NA19916	ASW	AFR	1
NA19917	ASW	AFR	2
NA19918	ASW	AFR	1
NA19920	ASW	AFR	1
NA19921	ASW	AFR	2
NA20129	ASW	AFR	2
NA19922	ASW	AFR	1
NA19923	ASW	AFR	2
NA19924	ASW	AFR	2
NA19713	ASW	AFR	2
NA19982	ASW	AFR	1
NA19983	ASW	AFR	2
NA19714	ASW	AFR	2
NA19985	ASW	AFR	2
NA19984	ASW	AFR	1
NA20126	ASW	AFR	1
NA20127	ASW	AFR	2
NA20128	ASW	AFR	2
NA20276	ASW	AFR	2
NA20277	ASW	AFR	2
NA20278	ASW	AFR	1
NA20279	ASW	AFR	1
NA20282	ASW	AFR	2
NA20284	ASW	AFR	1
NA20285	ASW	AFR	1
NA20281	ASW	AFR	1
NA20287	ASW	AFR	2
NA20288	ASW	AFR	1
NA20289	ASW	AFR	2
NA20290	ASW	AFR	2
NA20291	ASW	AFR	1
NA20292	ASW	AFR	2
NA20294	ASW	AFR	2
NA20295	ASW	AFR	1
NA20296	ASW	AFR	2
NA20297	ASW	AFR	1
NA20299	ASW	AFR	2
NA20300	ASW	AFR	2
NA20298	ASW	AFR	1
NA20301	ASW	AFR	2
NA20302	ASW	AFR	1
NA20312	ASW	AFR	2
NA20313	ASW	AFR	2
NA20314	ASW	AFR	2
NA20316	ASW	AFR	1
NA20317	ASW	AFR	2
NA20319	ASW	AFR	2
NA20318	ASW	AFR	1
NA20321	ASW	AFR	2
NA20322	ASW	AFR	2
NA20320	ASW	AFR	2
NA20332	ASW	AFR	2
NA20333	ASW	AFR	2
NA20334	ASW	AFR	2
NA20335	ASW	AFR	1
NA20355	ASW	AFR	2
NA20336	ASW	AFR	2
NA20337	ASW	AFR	2
NA20339	ASW	AFR	2
NA20340	ASW	AFR	1
NA20341	ASW	AFR	2
NA20342	ASW	AFR	1
NA20343	ASW	AFR	1
NA20344	ASW	AFR	2
NA20345	ASW	AFR	1
NA20346	ASW	AFR	1
NA20347	ASW	AFR	1
NA20348	ASW	AFR	1
NA20349	ASW	AFR	1
NA20350	ASW	AFR	1
NA20351	ASW	AFR	1
NA20356	ASW	AFR	1
NA20357	ASW	AFR	2
NA20358	ASW	AFR	1
NA20359	ASW	AFR	2
NA20360	ASW	AFR	1
NA20361	ASW	AFR	2
NA20362	ASW	AFR	1
NA20363	ASW	AFR	2
NA20364	ASW	AFR	2
NA20412	ASW	AFR	2
NA20413	ASW	AFR	1
NA20414	ASW	AFR	2
HG03006	BEB	SAS	1
HG03007	BEB	SAS	2
HG03008	BEB	SAS	1
HG03589	BEB	SAS	2
HG03590	BEB	SAS	1
HG03600	BEB	SAS	1
HG03602	BEB	SAS	1
HG03603	BEB	SAS	1
HG03604	BEB	SAS	2
HG03605	BEB	SAS	2
HG03606	BEB	SAS	1
HG03607	BEB	SAS	2
HG03611	BEB	SAS	2
HG03615	BEB	SAS	1
HG03616	BEB	SAS	2
HG03617	BEB	SAS	2
HG03793	BEB	SAS	2
HG03794	BEB	SAS	1
HG03795	BEB	SAS	1
HG03796	BEB	SAS	2
HG03797	BEB	SAS	1
HG03798	BEB	SAS	1
HG03799	BEB	SAS	2
HG03800	BEB	SAS	1
HG03801	BEB	SAS	2
HG03802	BEB	SAS	2
HG03803	BEB	SAS	1
HG03804	BEB	SAS	2
HG03805	BEB	SAS	2
HG03806	BEB	SAS	1
HG03807	BEB	SAS	2
HG03808	BEB	SAS	2
HG03809	BEB	SAS	1
HG03811	BEB	SAS	2
HG03813	BEB	SAS	2
HG03814	BEB	SAS	2
HG03815	BEB	SAS	1
HG03816	BEB	SAS	2
HG03817	BEB	SAS	2
HG03821	BEB	SAS	1
HG03822	BEB	SAS	1
HG03823	BEB	SAS	2
HG03824	BEB	SAS	1
HG03825	BEB	SAS	2
HG03826	BEB	SAS	2
HG03829	BEB	SAS	2
HG03830	BEB	SAS	1
HG03831	BEB	SAS	2
HG03832	BEB	SAS	2
HG03833	BEB	SAS	1
HG03834	BEB	SAS	2
HG03901	BEB	SAS	2
HG03903	BEB	SAS	2
HG03012	BEB	SAS	1
HG03904	BEB	SAS	2
HG03905	BEB	SAS	1
HG03906	BEB	SAS	1
HG03907	BEB	SAS	2
HG03908	BEB	SAS	1
HG03909	BEB	SAS	1
HG03910	BEB	SAS	2
HG03911	BEB	SAS	1
HG03913	BEB	SAS	2
HG03914	BEB	SAS	1
HG03915	BEB	SAS	2
HG03917	BEB	SAS	1
HG03919	BEB	SAS	2
HG03920	BEB	SAS	1
HG03922	BEB	SAS	2
HG03924	BEB	SAS	2
HG03925	BEB	SAS	2
HG03926	BEB	SAS	1
HG03927	BEB	SAS	2
HG03928	BEB	SAS	2
HG03929	BEB	SAS	1
HG03930	BEB	SAS	2
HG03931	BEB	SAS	2
HG03585	BEB	SAS	1
HG03587	BEB	SAS	2
HG03934	BEB	SAS	2
HG03937	BEB	SAS	2
HG03939	BEB	SAS	2
HG03940	BEB	SAS	2
HG03941	BEB	SAS	1
HG03942	BEB	SAS	1
HG04128	BEB	SAS	1
HG04131	BEB	SAS	1
HG04132	BEB	SAS	2
HG04133	BEB	SAS	2
HG04134	BEB	SAS	1
HG04135	BEB	SAS	2
HG04136	BEB	SAS	2
HG04140	BEB	SAS	1
HG04141	BEB	SAS	2
HG04142	BEB	SAS	2
HG04144	BEB	SAS	2
HG04146	BEB	SAS	1
HG04147	BEB	SAS	2
HG04148	BEB	SAS	2
HG04149	BEB	SAS	1
HG04150	BEB	SAS	2
HG04151	BEB	SAS	2
HG04152	BEB	SAS	1
HG04153	BEB	SAS	2
HG04155	BEB	SAS	1
HG04156	BEB	SAS	2
HG04157	BEB	SAS	1
HG04158	BEB	SAS	1
HG04159	BEB	SAS	2
HG04160	BEB	SAS	1
HG04161	BEB	SAS	1
HG04162	BEB	SAS	2
HG04164	BEB	SAS	1
HG04171	BEB	SAS	2
HG04173	BEB	SAS	1
HG04174	BEB	SAS	2
HG04175	BEB	SAS	2
HG04176	BEB	SAS	1
HG04177	BEB	SAS	2
HG03593	BEB	SAS	1
HG04180	BEB	SAS	2
HG04181	BEB	SAS	2
HG04182	BEB	SAS	1
HG04183	BEB	SAS	2
HG04184	BEB	SAS	2
HG04185	BEB	SAS	1
HG04186	BEB	SAS	2
HG04187	BEB	SAS	1
HG04188	BEB	SAS	1
HG04189	BEB	SAS	2
HG04191	BEB	SAS	1
HG04192	BEB	SAS	2
HG04193	BEB	SAS	1
HG04194	BEB	SAS	1
HG04195	BEB	SAS	2
HG03594	BEB	SAS	1
HG03595	BEB	SAS	2
HG03596	BEB	SAS	1
HG03598	BEB	SAS	2
HG03599	BEB	SAS	2
HG03009	BEB	SAS	1
HG03812	BEB	SAS	1
HG03902	BEB	SAS	1
HG03916	BEB	SAS	2
HG00866	CDX	EAS	1
HG00867	CDX	EAS	2
HG02371	CDX	EAS	1
HG02372	CDX	EAS	1
HG00759	CDX	EAS	2
HG00766	CDX	EAS	2
HG00844	CDX	EAS	1
HG00851	CDX	EAS	2
HG00864	CDX	EAS	2
HG00879	CDX	EAS	2
HG00881	CDX	EAS	1
HG00956	CDX	EAS	2
HG00978	CDX	EAS	2
HG00982	CDX	EAS	1
HG00983	CDX	EAS	1
HG01028	CDX	EAS	1
HG01029	CDX	EAS	2
HG01031	CDX	EAS	1
HG01046	CDX	EAS	2
HG01794	CDX	EAS	2
HG01795	CDX	EAS	2
HG01796	CDX	EAS	2
HG01797	CDX	EAS	2
HG01798	CDX	EAS	2
HG01799	CDX	EAS	2
HG01800	CDX	EAS	2
HG01801	CDX	EAS	2
HG01802	CDX	EAS	2
HG01804	CDX	EAS	2
HG01805	CDX	EAS	2
HG01806	CDX	EAS	2
HG01807	CDX	EAS	2
HG01808	CDX	EAS	2
HG01809	CDX	EAS	2
HG01810	CDX	EAS	1
HG01811	CDX	EAS	1
HG01812	CDX	EAS	2
HG01813	CDX	EAS	2
HG01815	CDX	EAS	2
HG01816	CDX	EAS	1
HG01817	CDX	EAS	2
HG02151	CDX	EAS	2
HG02152	CDX	EAS	2
HG02153	CDX	EAS	2
HG02154	CDX	EAS	2
HG02155	CDX	EAS	2
HG02156	CDX	EAS	2
HG02164	CDX	EAS	2
HG02165	CDX	EAS	2
HG02166	CDX	EAS	2
HG02168	CDX	EAS	2
HG02169	CDX	EAS	2
HG02170	CDX	EAS	2
HG02173	CDX	EAS	2
HG02176	CDX	EAS	2
HG02178	CDX	EAS	2
HG02179	CDX	EAS	2
HG02180	CDX	EAS	2
HG02181	CDX	EAS	2
HG02182	CDX	EAS	2
HG02184	CDX	EAS	2
HG02185	CDX	EAS	2
HG02186	CDX	EAS	2
HG02187	CDX	EAS	2
HG02188	CDX	EAS	2
HG02189	CDX	EAS	2
HG02190	CDX	EAS	2
HG02250	CDX	EAS	1
HG02351	CDX	EAS	1
HG02353	CDX	EAS	1
HG02355	CDX	EAS	1
HG02356	CDX	EAS	1
HG02358	CDX	EAS	1
HG02360	CDX	EAS	1
HG02363	CDX	EAS	1
HG02364	CDX	EAS	1
HG02367	CDX	EAS	1
HG02373	CDX	EAS	1
HG02374	CDX	EAS	1
HG02375	CDX	EAS	1
HG02377	CDX	EAS	1
HG02379	CDX	EAS	1
HG02380	CDX	EAS	1
HG02381	CDX	EAS	1
HG02382	CDX	EAS	1
HG02383	CDX	EAS	1
HG02384	CDX	EAS	1
HG02385	CDX	EAS	1
HG02386	CDX	EAS	1
HG02387	CDX	EAS	1
HG02388	CDX	EAS	1
HG02389	CDX	EAS	1
HG02390	CDX	EAS	1
HG02391	CDX	EAS	1
HG02392	CDX	EAS	1
HG02394	CDX	EAS	1
HG02395	CDX	EAS	1
HG02396	CDX	EAS	1
HG02397	CDX	EAS	1
HG02398	CDX	EAS	1
HG02399	CDX	EAS	1
HG02401	CDX	EAS	1
HG02402	CDX	EAS	1
HG02405	CDX	EAS	1
HG02406	CDX	EAS	1
HG02407	CDX	EAS	1
HG02408	CDX	EAS	1
HG02409	CDX	EAS	1
HG02410	CDX	EAS	1
NA06984	CEU	EUR	1
NA06989	CEU	EUR	2
NA12329	CEU	EUR	2
NA12344	CEU	EUR	1
NA12347	CEU	EUR	1
NA12348	CEU	EUR	2
NA06986	CEU	EUR	1
NA06995	CEU	EUR	1
NA06997	CEU	EUR	2
NA07037	CEU	EUR	2
NA07045	CEU	EUR	2
NA07435	CEU	EUR	1
NA07014	CEU	EUR	2
NA07031	CEU	EUR	2
NA07051	CEU	EUR	1
NA12335	CEU	EUR	1
NA12336	CEU	EUR	2
NA12340	CEU	EUR	1
NA12341	CEU	EUR	2
NA12342	CEU	EUR	1
NA12343	CEU	EUR	2
NA07340	CEU	EUR	2
NA10846	CEU	EUR	1
NA10847	CEU	EUR	2
NA12144	CEU	EUR	1
NA12145	CEU	EUR	2
NA12146	CEU	EUR	1
NA12239	CEU	EUR	2
NA06994	CEU	EUR	1
NA07000	CEU	EUR	2
NA07019	CEU	EUR	2
NA07022	CEU	EUR	1
NA07029	CEU	EUR	1
NA07056	CEU	EUR	2
NA06985	CEU	EUR	2
NA06991	CEU	EUR	2
NA06993	CEU	EUR	1
NA07034	CEU	EUR	1
NA07048	CEU	EUR	1
NA07055	CEU	EUR	2
NA10850	CEU	EUR	2
NA10851	CEU	EUR	1
NA12056	CEU	EUR	1
NA12057	CEU	EUR	2
NA12058	CEU	EUR	2
NA07345	CEU	EUR	2
NA07346	CEU	EUR	2
NA07347	CEU	EUR	1
NA07348	CEU	EUR	2
NA07349	CEU	EUR	1
NA07357	CEU	EUR	1
NA10852	CEU	EUR	2
NA10857	CEU	EUR	1
NA12043	CEU	EUR	1
NA12044	CEU	EUR	2
NA12045	CEU	EUR	1
NA12046	CEU	EUR	2
NA10859	CEU	EUR	2
NA11881	CEU	EUR	1
NA11882	CEU	EUR	2
NA10853	CEU	EUR	1
NA10854	CEU	EUR	2
NA11839	CEU	EUR	1
NA11840	CEU	EUR	2
NA11843	CEU	EUR	1
NA10855	CEU	EUR	2
NA10856	CEU	EUR	1
NA11829	CEU	EUR	1
NA11830	CEU	EUR	2
NA11831	CEU	EUR	1
NA11832	CEU	EUR	2
NA12375	CEU	EUR	1
NA12376	CEU	EUR	2
NA12383	CEU	EUR	2
NA12489	CEU	EUR	2
NA12546	CEU	EUR	1
NA12386	CEU	EUR	2
NA12399	CEU	EUR	1
NA12400	CEU	EUR	2
NA12413	CEU	EUR	1
NA12414	CEU	EUR	2
NA12485	CEU	EUR	1
NA12707	CEU	EUR	1
NA12708	CEU	EUR	2
NA12716	CEU	EUR	1
NA12717	CEU	EUR	2
NA12718	CEU	EUR	2
NA10860	CEU	EUR	1
NA10861	CEU	EUR	2
NA11992	CEU	EUR	1
NA11993	CEU	EUR	2
NA11994	CEU	EUR	1
NA11995	CEU	EUR	2
NA10863	CEU	EUR	2
NA12234	CEU	EUR	2
NA12264	CEU	EUR	1
NA10864	CEU	EUR	2
NA10865	CEU	EUR	1
NA11891	CEU	EUR	1
NA11892	CEU	EUR	2
NA11893	CEU	EUR	1
NA11894	CEU	EUR	2
NA10830	CEU	EUR	1
NA10831	CEU	EUR	2
NA12154	CEU	EUR	1
NA12155	CEU	EUR	1
NA12156	CEU	EUR	2
NA12236	CEU	EUR	2
NA10835	CEU	EUR	1
NA12248	CEU	EUR	1
NA12249	CEU	EUR	2
NA10836	CEU	EUR	2
NA10837	CEU	EUR	1
NA12272	CEU	EUR	1
NA12273	CEU	EUR	2
NA12274	CEU	EUR	1
NA12275	CEU	EUR	2
NA10838	CEU	EUR	1
NA10839	CEU	EUR	2
NA12003	CEU	EUR	1
NA12004	CEU	EUR	2
NA12005	CEU	EUR	1
NA12006	CEU	EUR	2
NA10840	CEU	EUR	2
NA12286	CEU	EUR	1
NA12287	CEU	EUR	2
NA12282	CEU	EUR	1
NA12283	CEU	EUR	2
NA10842	CEU	EUR	1
NA10843	CEU	EUR	2
NA11917	CEU	EUR	1
NA11918	CEU	EUR	2
NA11919	CEU	EUR	1
NA11920	CEU	EUR	2
NA10845	CEU	EUR	1
NA11930	CEU	EUR	1
NA11931	CEU	EUR	2
NA11932	CEU	EUR	1
NA11933	CEU	EUR	2
NA12739	CEU	EUR	1
NA12740	CEU	EUR	2
NA12748	CEU	EUR	1
NA12749	CEU	EUR	2
NA12750	CEU	EUR	1
NA12751	CEU	EUR	2
NA12752	CEU	EUR	1
NA12753	CEU	EUR	2
NA12760	CEU	EUR	1
NA12761	CEU	EUR	2
NA12762	CEU	EUR	1
NA12763	CEU	EUR	2
NA12766	CEU	EUR	1
NA12767	CEU	EUR	2
NA12775	CEU	EUR	1
NA12776	CEU	EUR	2
NA12777	CEU	EUR	1
NA12778	CEU	EUR	2
NA12801	CEU	EUR	1
NA12802	CEU	EUR	2
NA12812	CEU	EUR	1
NA12813	CEU	EUR	2
NA12814	CEU	EUR	1
NA12815	CEU	EUR	2
NA12817	CEU	EUR	1
NA12818	CEU	EUR	2
NA12827	CEU	EUR	1
NA12828	CEU	EUR	2
NA12829	CEU	EUR	1
NA12830	CEU	EUR	2
NA12832	CEU	EUR	2
NA12842	CEU	EUR	1
NA12843	CEU	EUR	2
NA12864	CEU	EUR	1
NA12865	CEU	EUR	2
NA12872	CEU	EUR	1
NA12873	CEU	EUR	2
NA12874	CEU	EUR	1
NA12875	CEU	EUR	2
NA12877	CEU	EUR	1
NA12878	CEU	EUR	2
NA12889	CEU	EUR	1
NA12890	CEU	EUR	2
NA12891	CEU	EUR	1
NA12892	CEU	EUR	2
NA18525	CHB	EAS	2
NA18526	CHB	EAS	2
NA18527	CHB	EAS	2
NA18528	CHB	EAS	2
NA18530	CHB	EAS	1
NA18531	CHB	EAS	2
NA18532	CHB	EAS	2
NA18533	CHB	EAS	2
NA18534	CHB	EAS	1
NA18535	CHB	EAS	2
NA18536	CHB	EAS	1
NA18537	CHB	EAS	2
NA18538	CHB	EAS	2
NA18539	CHB	EAS	2
NA18541	CHB	EAS	2
NA18542	CHB	EAS	2
NA18543	CHB	EAS	1
NA18544	CHB	EAS	1
NA18545	CHB	EAS	2
NA18546	CHB	EAS	1
NA18547	CHB	EAS	2
NA18548	CHB	EAS	1
NA18549	CHB	EAS	1
NA18550	CHB	EAS	2
NA18552	CHB	EAS	2
NA18553	CHB	EAS	2
NA18555	CHB	EAS	2
NA18557	CHB	EAS	1
NA18558	CHB	EAS	1
NA18559	CHB	EAS	1
NA18560	CHB	EAS	2
NA18561	CHB	EAS	1
NA18562	CHB	EAS	1
NA18563	CHB	EAS	1
NA18564	CHB	EAS	2
NA18565	CHB	EAS	2
NA18566	CHB	EAS	2
NA18567	CHB	EAS	2
NA18570	CHB	EAS	2
NA18571	CHB	EAS	2
NA18572	CHB	EAS	1
NA18573	CHB	EAS	2
NA18574	CHB	EAS	2
NA18576	CHB	EAS	2
NA18577	CHB	EAS	2
NA18579	CHB	EAS	2
NA18582	CHB	EAS	2
NA18591	CHB	EAS	2
NA18592	CHB	EAS	2
NA18593	CHB	EAS	2
NA18595	CHB	EAS	2
NA18596	CHB	EAS	2
NA18597	CHB	EAS	2
NA18599	CHB	EAS	2
NA18602	CHB	EAS	2
NA18603	CHB	EAS	1
NA18605	CHB	EAS	1
NA18606	CHB	EAS	1
NA18608	CHB	EAS	1
NA18609	CHB	EAS	1
NA18610	CHB	EAS	2
NA18611	CHB	EAS	1
NA18612	CHB	EAS	1
NA18613	CHB	EAS	1
NA18614	CHB	EAS	2
NA18615	CHB	EAS	2
NA18616	CHB	EAS	2
NA18617	CHB	EAS	2
NA18618	CHB	EAS	2
NA18619	CHB	EAS	2
NA18620	CHB	EAS	1
NA18621	CHB	EAS	1
NA18622	CHB	EAS	1
NA18623	CHB	EAS	1
NA18624	CHB	EAS	1
NA18625	CHB	EAS	2
NA18626	CHB	EAS	2
NA18627	CHB	EAS	2
NA18628	CHB	EAS	2
NA18629	CHB	EAS	1
NA18630	CHB	EAS	2
NA18631	CHB	EAS	2
NA18632	CHB	EAS	1
NA18633	CHB	EAS	1
NA18634	CHB	EAS	2
NA18635	CHB	EAS	1
NA18636	CHB	EAS	1
NA18637	CHB	EAS	1
NA18638	CHB	EAS	1
NA18639	CHB	EAS	1
NA18640	CHB	EAS	2
NA18641	CHB	EAS	2
NA18642	CHB	EAS	2
NA18643	CHB	EAS	1
NA18644	CHB	EAS	2
NA18645	CHB	EAS	1
NA18646	CHB	EAS	2
NA18647	CHB	EAS	1
NA18648	CHB	EAS	1
NA18740	CHB	EAS	1
NA18745	CHB	EAS	1
NA18747	CHB	EAS	1
NA18748	CHB	EAS	1
NA18749	CHB	EAS	1
NA18757	CHB	EAS	1
NA18791	CHB	EAS	1
NA18794	CHB	EAS	1
NA18795	CHB	EAS	2
HG00403	CHS	EAS	1
HG00404	CHS	EAS	2
HG00405	CHS	EAS	2
HG00406	CHS	EAS	1
HG00407	CHS	EAS	2
HG00408	CHS	EAS	2
HG00409	CHS	EAS	1
HG00410	CHS	EAS	2
HG00411	CHS	EAS	1
HG00418	CHS	EAS	1
HG00419	CHS	EAS	2
HG00420	CHS	EAS	1
HG00421	CHS	EAS	1
HG00422	CHS	EAS	2
HG00423	CHS	EAS	2
HG00427	CHS	EAS	1
HG00428	CHS	EAS	2
HG00429	CHS	EAS	1
HG00436	CHS	EAS	1
HG00437	CHS	EAS	2
HG00438	CHS	EAS	2
HG00442	CHS	EAS	1
HG00443	CHS	EAS	2
HG00444	CHS	EAS	1
HG00445	CHS	EAS	1
HG00446	CHS	EAS	2
HG00447	CHS	EAS	2
HG00448	CHS	EAS	1
HG00449	CHS	EAS	2
HG00450	CHS	EAS	2
HG00451	CHS	EAS	1
HG00452	CHS	EAS	2
HG00453	CHS	EAS	2
HG00457	CHS	EAS	1
HG00458	CHS	EAS	2
HG00459	CHS	EAS	1
HG00463	CHS	EAS	1
HG00464	CHS	EAS	2
HG00465	CHS	EAS	1
HG00472	CHS	EAS	1
HG00473	CHS	EAS	2
HG00474	CHS	EAS	1
HG00475	CHS	EAS	1
HG00476	CHS	EAS	2
HG00477	CHS	EAS	1
HG00478	CHS	EAS	1
HG00479	CHS	EAS	2
HG00480	CHS	EAS	1
HG00500	CHS	EAS	1
HG00501	CHS	EAS	2
HG00502	CHS	EAS	1
HG00512	CHS	EAS	1
HG00513	CHS	EAS	2
HG00514	CHS	EAS	2
HG00524	CHS	EAS	1
HG00525	CHS	EAS	2
HG00526	CHS	EAS	1
HG00530	CHS	EAS	1
HG00531	CHS	EAS	2
HG00532	CHS	EAS	1
HG00533	CHS	EAS	1
HG00534	CHS	EAS	2
HG00535	CHS	EAS	1
HG00536	CHS	EAS	1
HG00537	CHS	EAS	2
HG00538	CHS	EAS	1
HG00542	CHS	EAS	1
HG00543	CHS	EAS	2
HG00544	CHS	EAS	2
HG00556	CHS	EAS	1
HG00557	CHS	EAS	2
HG00558	CHS	EAS	2
HG00559	CHS	EAS	1
HG00560	CHS	EAS	2
HG00561	CHS	EAS	2
HG00565	CHS	EAS	1
HG00566	CHS	EAS	2
HG00567	CHS	EAS	1
HG00577	CHS	EAS	1
HG00578	CHS	EAS	2
HG00579	CHS	EAS	2
HG00580	CHS	EAS	1
HG00581	CHS	EAS	2
HG00582	CHS	EAS	2
HG00583	CHS	EAS	1
HG00584	CHS	EAS	2
HG00585	CHS	EAS	2
HG00589	CHS	EAS	1
HG00590	CHS	EAS	2
HG00591	CHS	EAS	1
HG00592	CHS	EAS	1
HG00593	CHS	EAS	2
HG00594	CHS	EAS	1
HG00595	CHS	EAS	1
HG00596	CHS	EAS	2
HG00597	CHS	EAS	2
HG00598	CHS	EAS	1
HG00599	CHS	EAS	2
HG00600	CHS	EAS	2
HG00607	CHS	EAS	1
HG00608	CHS	EAS	2
HG00609	CHS	EAS	1
HG00610	CHS	EAS	1
HG00611	CHS	EAS	2
HG00612	CHS	EAS	2
HG00613	CHS	EAS	1
HG00614	CHS	EAS	2
HG00615	CHS	EAS	2
HG00619	CHS	EAS	1
HG00620	CHS	EAS	2
HG00621	CHS	EAS	1
HG00622	CHS	EAS	1
HG00623	CHS	EAS	2
HG00624	CHS	EAS	1
HG00625	CHS	EAS	1
HG00626	CHS	EAS	2
HG00627	CHS	EAS	1
HG00628	CHS	EAS	1
HG00629	CHS	EAS	2
HG00630	CHS	EAS	1
HG00631	CHS	EAS	1
HG00632	CHS	EAS	2
HG00633	CHS	EAS	1
HG00634	CHS	EAS	1
HG00635	CHS	EAS	2
HG00636	CHS	EAS	1
HG00650	CHS	EAS	1
HG00651	CHS	EAS	2
HG00652	CHS	EAS	2
HG00653	CHS	EAS	1
HG00654	CHS	EAS	2
HG00655	CHS	EAS	2
HG00658	CHS	EAS	1
HG00662	CHS	EAS	1
HG00663	CHS	EAS	2
HG00664	CHS	EAS	1
HG00671	CHS	EAS	1
HG00672	CHS	EAS	2
HG00673	CHS	EAS	1
HG00674	CHS	EAS	1
HG00675	CHS	EAS	2
HG00676	CHS	EAS	1
HG00683	CHS	EAS	1
HG00684	CHS	EAS	2
HG00685	CHS	EAS	1
HG00689	CHS	EAS	1
HG00690	CHS	EAS	2
HG00691	CHS	EAS	1
HG00692	CHS	EAS	1
HG00693	CHS	EAS	2
HG00694	CHS	EAS	1
HG00698	CHS	EAS	1
HG00699	CHS	EAS	2
HG00700	CHS	EAS	2
HG00656	CHS	EAS	1
HG00657	CHS	EAS	2
HG00701	CHS	EAS	1
HG00702	CHS	EAS	2
HG00703	CHS	EAS	1
HG00704	CHS	EAS	1
HG00705	CHS	EAS	2
HG00706	CHS	EAS	1
HG00707	CHS	EAS	1
HG00708	CHS	EAS	2
HG00709	CHS	EAS	1
HG00716	CHS	EAS	1
HG00717	CHS	EAS	2
HG00718	CHS	EAS	1
HG00728	CHS	EAS	1
HG00729	CHS	EAS	2
HG00730	CHS	EAS	2
HG01119	CLM	AMR	2
HG01121	CLM	AMR	1
HG01122	CLM	AMR	2
HG01123	CLM	AMR	2
HG01112	CLM	AMR	1
HG01113	CLM	AMR	2
HG01114	CLM	AMR	2
HG01124	CLM	AMR	1
HG01125	CLM	AMR	2
HG01126	CLM	AMR	1
HG01130	CLM	AMR	1
HG01131	CLM	AMR	2
HG01133	CLM	AMR	1
HG01134	CLM	AMR	2
HG01135	CLM	AMR	1
HG01136	CLM	AMR	1
HG01137	CLM	AMR	2
HG01138	CLM	AMR	1
HG01139	CLM	AMR	1
HG01140	CLM	AMR	2
HG01141	CLM	AMR	2
HG01142	CLM	AMR	1
HG01148	CLM	AMR	1
HG01149	CLM	AMR	2
HG01150	CLM	AMR	2
HG01250	CLM	AMR	1
HG01251	CLM	AMR	2
HG01252	CLM	AMR	1
HG01253	CLM	AMR	1
HG01254	CLM	AMR	2
HG01255	CLM	AMR	1
HG01256	CLM	AMR	1
HG01257	CLM	AMR	2
HG01258	CLM	AMR	1
HG01259	CLM	AMR	1
HG01260	CLM	AMR	2
HG01261	CLM	AMR	1
HG01269	CLM	AMR	2
HG01271	CLM	AMR	1
HG01272	CLM	AMR	2
HG01273	CLM	AMR	1
HG01274	CLM	AMR	1
HG01275	CLM	AMR	2
HG01276	CLM	AMR	2
HG01277	CLM	AMR	1
HG01278	CLM	AMR	2
HG01279	CLM	AMR	2
HG01280	CLM	AMR	1
HG01281	CLM	AMR	2
HG01284	CLM	AMR	2
HG01341	CLM	AMR	1
HG01342	CLM	AMR	2
HG01343	CLM	AMR	2
HG01344	CLM	AMR	1
HG01345	CLM	AMR	2
HG01346	CLM	AMR	2
HG01347	CLM	AMR	1
HG01348	CLM	AMR	2
HG01349	CLM	AMR	2
HG01350	CLM	AMR	1
HG01351	CLM	AMR	2
HG01352	CLM	AMR	2
HG01353	CLM	AMR	1
HG01354	CLM	AMR	2
HG01355	CLM	AMR	2
HG01356	CLM	AMR	1
HG01357	CLM	AMR	2
HG01358	CLM	AMR	1
HG01359	CLM	AMR	1
HG01360	CLM	AMR	2
HG01361	CLM	AMR	2
HG01362	CLM	AMR	1
HG01363	CLM	AMR	2
HG01364	CLM	AMR	2
HG01365	CLM	AMR	1
HG01366	CLM	AMR	2
HG01367	CLM	AMR	2
HG01369	CLM	AMR	2
HG01372	CLM	AMR	2
HG01374	CLM	AMR	1
HG01375	CLM	AMR	2
HG01376	CLM	AMR	2
HG01377	CLM	AMR	1
HG01378	CLM	AMR	2
HG01379	CLM	AMR	2
HG01383	CLM	AMR	1
HG01384	CLM	AMR	2
HG01385	CLM	AMR	2
HG01389	CLM	AMR	1
HG01390	CLM	AMR	2
HG01391	CLM	AMR	2
HG01431	CLM	AMR	1
HG01432	CLM	AMR	2
HG01433	CLM	AMR	1
HG01435	CLM	AMR	2
HG01437	CLM	AMR	1
HG01438	CLM	AMR	2
HG01439	CLM	AMR	2
HG01441	CLM	AMR	2
HG01442	CLM	AMR	1
HG01440	CLM	AMR	1
HG01443	CLM	AMR	1
HG01444	CLM	AMR	2
HG01445	CLM	AMR	1
HG01447	CLM	AMR	2
HG01452	CLM	AMR	1
HG01453	CLM	AMR	2
HG01454	CLM	AMR	2
HG01455	CLM	AMR	1
HG01456	CLM	AMR	2
HG01457	CLM	AMR	1
HG01459	CLM	AMR	2
HG01461	CLM	AMR	1
HG01462	CLM	AMR	2
HG01463	CLM	AMR	2
HG01464	CLM	AMR	1
HG01465	CLM	AMR	2
HG01466	CLM	AMR	2
HG01468	CLM	AMR	2
HG01471	CLM	AMR	2
HG01473	CLM	AMR	1
HG01474	CLM	AMR	2
HG01477	CLM	AMR	2
HG01479	CLM	AMR	1
HG01480	CLM	AMR	2
HG01481	CLM	AMR	2
HG01482	CLM	AMR	1
HG01483	CLM	AMR	2
HG01484	CLM	AMR	2
HG01485	CLM	AMR	1
HG01486	CLM	AMR	2
HG01487	CLM	AMR	2
HG01488	CLM	AMR	1
HG01489	CLM	AMR	2
HG01490	CLM	AMR	2
HG01491	CLM	AMR	1
HG01492	CLM	AMR	2
HG01493	CLM	AMR	2
HG01494	CLM	AMR	1
HG01495	CLM	AMR	2
HG01496	CLM	AMR	2
HG01497	CLM	AMR	1
HG01498	CLM	AMR	2
HG01499	CLM	AMR	1
HG01550	CLM	AMR	1
HG01551	CLM	AMR	2
HG01552	CLM	AMR	1
HG01556	CLM	AMR	1
HG03171	ESN	AFR	2
HG02922	ESN	AFR	2
HG02923	ESN	AFR	1
HG02924	ESN	AFR	1
HG03493	ESN	AFR	2
HG03499	ESN	AFR	2
HG03508	ESN	AFR	2
HG03510	ESN	AFR	2
HG03511	ESN	AFR	2
HG03513	ESN	AFR	1
HG03514	ESN	AFR	2
HG03515	ESN	AFR	1
HG03516	ESN	AFR	2
HG03517	ESN	AFR	2
HG03518	ESN	AFR	1
HG03519	ESN	AFR	1
HG03520	ESN	AFR	2
HG03521	ESN	AFR	1
HG03522	ESN	AFR	2
HG02938	ESN	AFR	1
HG02939	ESN	AFR	1
HG02941	ESN	AFR	1
HG02942	ESN	AFR	1
HG02943	ESN	AFR	2
HG02944	ESN	AFR	1
HG02945	ESN	AFR	2
HG02946	ESN	AFR	2
HG02947	ESN	AFR	1
HG02948	ESN	AFR	1
HG02952	ESN	AFR	2
HG02953	ESN	AFR	1
HG02954	ESN	AFR	1
HG02964	ESN	AFR	2
HG02965	ESN	AFR	1
HG02966	ESN	AFR	1
HG02968	ESN	AFR	1
HG02969	ESN	AFR	2
HG02970	ESN	AFR	2
HG02971	ESN	AFR	1
HG02972	ESN	AFR	1
HG02973	ESN	AFR	1
HG02974	ESN	AFR	2
HG02975	ESN	AFR	1
HG02976	ESN	AFR	2
HG02977	ESN	AFR	1
HG02978	ESN	AFR	2
HG02979	ESN	AFR	2
HG02980	ESN	AFR	1
HG02981	ESN	AFR	1
HG03099	ESN	AFR	2
HG03100	ESN	AFR	1
HG03101	ESN	AFR	1
HG03103	ESN	AFR	1
HG03104	ESN	AFR	2
HG03105	ESN	AFR	2
HG03107	ESN	AFR	2
HG03108	ESN	AFR	2
HG03109	ESN	AFR	1
HG03110	ESN	AFR	2
HG03111	ESN	AFR	2
HG03112	ESN	AFR	1
HG03113	ESN	AFR	2
HG03114	ESN	AFR	2
HG03115	ESN	AFR	1
HG03116	ESN	AFR	2
HG03117	ESN	AFR	2
HG03118	ESN	AFR	1
HG03119	ESN	AFR	2
HG03120	ESN	AFR	1
HG03121	ESN	AFR	2
HG03122	ESN	AFR	1
HG03123	ESN	AFR	2
HG03124	ESN	AFR	1
HG03125	ESN	AFR	2
HG03126	ESN	AFR	2
HG03127	ESN	AFR	1
HG03128	ESN	AFR	1
HG03129	ESN	AFR	2
HG03130	ESN	AFR	1
HG03131	ESN	AFR	1
HG03132	ESN	AFR	2
HG03133	ESN	AFR	1
HG03134	ESN	AFR	1
HG03135	ESN	AFR	2
HG03136	ESN	AFR	1
HG03137	ESN	AFR	1
HG03139	ESN	AFR	1
HG03140	ESN	AFR	2
HG03157	ESN	AFR	1
HG03158	ESN	AFR	2
HG03159	ESN	AFR	2
HG03160	ESN	AFR	1
HG03161	ESN	AFR	1
HG03162	ESN	AFR	2
HG03163	ESN	AFR	1
HG03164	ESN	AFR	2
HG03166	ESN	AFR	1
HG03167	ESN	AFR	1
HG03168	ESN	AFR	2
HG03169	ESN	AFR	1
HG03170	ESN	AFR	1
HG03172	ESN	AFR	1
HG03173	ESN	AFR	1
HG03175	ESN	AFR	1
HG03176	ESN	AFR	1
HG03189	ESN	AFR	2
HG03190	ESN	AFR	1
HG03191	ESN	AFR	1
HG03193	ESN	AFR	1
HG03194	ESN	AFR	1
HG03195	ESN	AFR	2
HG03196	ESN	AFR	1
HG03197	ESN	AFR	1
HG03198	ESN	AFR	2
HG03199	ESN	AFR	1
HG03200	ESN	AFR	2
HG03202	ESN	AFR	1
HG03203	ESN	AFR	2
HG03265	ESN	AFR	1
HG03266	ESN	AFR	2
HG03267	ESN	AFR	2
HG03268	ESN	AFR	1
HG03269	ESN	AFR	1
HG03270	ESN	AFR	2
HG03271	ESN	AFR	1
HG03272	ESN	AFR	2
HG03279	ESN	AFR	2
HG03280	ESN	AFR	1
HG03291	ESN	AFR	2
HG03293	ESN	AFR	1
HG03294	ESN	AFR	2
HG03295	ESN	AFR	1
HG03296	ESN	AFR	1
HG03297	ESN	AFR	2
HG03298	ESN	AFR	1
HG03299	ESN	AFR	1
HG03300	ESN	AFR	2
HG03301	ESN	AFR	1
HG03302	ESN	AFR	1
HG03303	ESN	AFR	2
HG03304	ESN	AFR	1
HG03305	ESN	AFR	2
HG03306	ESN	AFR	2
HG03307	ESN	AFR	1
HG03308	ESN	AFR	1
HG03309	ESN	AFR	2
HG03310	ESN	AFR	2
HG03311	ESN	AFR	1
HG03312	ESN	AFR	2
HG03313	ESN	AFR	1
HG03314	ESN	AFR	1
HG03339	ESN	AFR	2
HG03341	ESN	AFR	2
HG03342	ESN	AFR	2
HG03343	ESN	AFR	1
HG03344	ESN	AFR	1
HG03350	ESN	AFR	1
HG03351	ESN	AFR	2
HG03352	ESN	AFR	1
HG03354	ESN	AFR	2
HG03361	ESN	AFR	1
HG03362	ESN	AFR	1
HG03363	ESN	AFR	2
HG03365	ESN	AFR	1
HG03366	ESN	AFR	2
HG03367	ESN	AFR	1
HG03368	ESN	AFR	1
HG03369	ESN	AFR	2
HG03370	ESN	AFR	1
HG03371	ESN	AFR	1
HG03372	ESN	AFR	2
HG03373	ESN	AFR	1
HG03374	ESN	AFR	2
HG00171	FIN	EUR	2
HG00173	FIN	EUR	2
HG00174	FIN	EUR	2
HG00176	FIN	EUR	2
HG00177	FIN	EUR	2
HG00178	FIN	EUR	2
HG00179	FIN	EUR	2
HG00180	FIN	EUR	2
HG00181	FIN	EUR	1
HG00182	FIN	EUR	1
HG00183	FIN	EUR	1
HG00185	FIN	EUR	1
HG00186	FIN	EUR	1
HG00187	FIN	EUR	1
HG00188	FIN	EUR	1
HG00189	FIN	EUR	1
HG00190	FIN	EUR	1
HG00266	FIN	EUR	2
HG00267	FIN	EUR	1
HG00268	FIN	EUR	2
HG00269	FIN	EUR	2
HG00270	FIN	EUR	2
HG00271	FIN	EUR	1
HG00272	FIN	EUR	2
HG00273	FIN	EUR	1
HG00274	FIN	EUR	2
HG00275	FIN	EUR	2
HG00276	FIN	EUR	2
HG00277	FIN	EUR	1
HG00278	FIN	EUR	1
HG00280	FIN	EUR	1
HG00281	FIN	EUR	2
HG00282	FIN	EUR	2
HG00284	FIN	EUR	1
HG00285	FIN	EUR	2
HG00288	FIN	EUR	2
HG00290	FIN	EUR	1
HG00302	FIN	EUR	2
HG00303	FIN	EUR	1
HG00304	FIN	EUR	2
HG00306	FIN	EUR	2
HG00308	FIN	EUR	1
HG00309	FIN	EUR	2
HG00310	FIN	EUR	1
HG00311	FIN	EUR	1
HG00312	FIN	EUR	1
HG00313	FIN	EUR	2
HG00315	FIN	EUR	2
HG00318	FIN	EUR	2
HG00319	FIN	EUR	2
HG00320	FIN	EUR	2
HG00321	FIN	EUR	1
HG00323	FIN	EUR	2
HG00324	FIN	EUR	2
HG00325	FIN	EUR	1
HG00326	FIN	EUR	2
HG00327	FIN	EUR	2
HG00328	FIN	EUR	2
HG00329	FIN	EUR	1
HG00330	FIN	EUR	2
HG00331	FIN	EUR	2
HG00332	FIN	EUR	2
HG00334	FIN	EUR	2
HG00335	FIN	EUR	1
HG00336	FIN	EUR	1
HG00337	FIN	EUR	2
HG00338	FIN	EUR	1
HG00339	FIN	EUR	2
HG00341	FIN	EUR	1
HG00342	FIN	EUR	1
HG00343	FIN	EUR	2
HG00344	FIN	EUR	2
HG00345	FIN	EUR	1
HG00346	FIN	EUR	2
HG00349	FIN	EUR	2
HG00350	FIN	EUR	2
HG00351	FIN	EUR	1
HG00353	FIN	EUR	2
HG00355	FIN	EUR	2
HG00356	FIN	EUR	2
HG00357	FIN	EUR	2
HG00358	FIN	EUR	1
HG00359	FIN	EUR	2
HG00360	FIN	EUR	1
HG00361	FIN	EUR	2
HG00362	FIN	EUR	2
HG00364	FIN	EUR	2
HG00365	FIN	EUR	2
HG00366	FIN	EUR	1
HG00367	FIN	EUR	2
HG00368	FIN	EUR	2
HG00369	FIN	EUR	1
HG00371	FIN	EUR	1
HG00372	FIN	EUR	1
HG00373	FIN	EUR	2
HG00375	FIN	EUR	1
HG00376	FIN	EUR	2
HG00377	FIN	EUR	2
HG00378	FIN	EUR	2
HG00379	FIN	EUR	2
HG00380	FIN	EUR	2
HG00381	FIN	EUR	2
HG00382	FIN	EUR	1
HG00383	FIN	EUR	2
HG00384	FIN	EUR	2
HG00144	GBR	EUR	2
HG00155	GBR	EUR	1
HG00146	GBR	EUR	2
HG00147	GBR	EUR	2
HG00153	GBR	EUR	2
HG00158	GBR	EUR	2
HG00247	GBR	EUR	2
HG00248	GBR	EUR	2
HG00096	GBR	EUR	1
HG00097	GBR	EUR	2
HG00098	GBR	EUR	1
HG00099	GBR	EUR	2
HG00100	GBR	EUR	2
HG00101	GBR	EUR	1
HG00102	GBR	EUR	2
HG00103	GBR	EUR	1
HG00104	GBR	EUR	2
HG00105	GBR	EUR	1
HG00106	GBR	EUR	2
HG00107	GBR	EUR	1
HG00108	GBR	EUR	1
HG00109	GBR	EUR	1
HG00110	GBR	EUR	2
HG00111	GBR	EUR	2
HG00112	GBR	EUR	1
HG00113	GBR	EUR	1
HG00114	GBR	EUR	1
HG00115	GBR	EUR	1
HG00116	GBR	EUR	1
HG00117	GBR	EUR	1
HG00118	GBR	EUR	2
HG00119	GBR	EUR	1
HG00120	GBR	EUR	2
HG00121	GBR	EUR	2
HG00122	GBR	EUR	2
HG00123	GBR	EUR	2
HG00124	GBR	EUR	2
HG00125	GBR	EUR	2
HG00126	GBR	EUR	1
HG00127	GBR	EUR	2
HG00128	GBR	EUR	2
HG00129	GBR	EUR	1
HG00130	GBR	EUR	2
HG00131	GBR	EUR	1
HG00132	GBR	EUR	2
HG00133	GBR	EUR	2
HG00134	GBR	EUR	2
HG00135	GBR	EUR	2
HG00136	GBR	EUR	1
HG00137	GBR	EUR	2
HG00138	GBR	EUR	1
HG00139	GBR	EUR	1
HG00140	GBR	EUR	1
HG00141	GBR	EUR	1
HG00142	GBR	EUR	1
HG00143	GBR	EUR	1
HG00145	GBR	EUR	1
HG00148	GBR	EUR	1
HG00149	GBR	EUR	1
HG00150	GBR	EUR	2
HG00151	GBR	EUR	1
HG00152	GBR	EUR	1
HG00154	GBR	EUR	2
HG00156	GBR	EUR	1
HG00157	GBR	EUR	1
HG00159	GBR	EUR	1
HG00160	GBR	EUR	1
HG00231	GBR	EUR	2
HG00232	GBR	EUR	2
HG00233	GBR	EUR	2
HG00234	GBR	EUR	1
HG00235	GBR	EUR	2
HG00236	GBR	EUR	2
HG00237	GBR	EUR	2
HG00238	GBR	EUR	2
HG00239	GBR	EUR	2
HG00240	GBR	EUR	2
HG00242	GBR	EUR	1
HG00243	GBR	EUR	1
HG00244	GBR	EUR	1
HG00245	GBR	EUR	2
HG00246	GBR	EUR	1
HG00249	GBR	EUR	2
HG00250	GBR	EUR	2
HG00251	GBR	EUR	1
HG00252	GBR	EUR	1
HG00253	GBR	EUR	2
HG00254	GBR	EUR	2
HG00255	GBR	EUR	2
HG00256	GBR	EUR	1
HG00257	GBR	EUR	2
HG00258	GBR	EUR	2
HG00259	GBR	EUR	2
HG00260	GBR	EUR	1
HG00261	GBR	EUR	2
HG00262	GBR	EUR	2
HG00263	GBR	EUR	2
HG00264	GBR	EUR	1
HG00265	GBR	EUR	1
HG01334	GBR	EUR	1
HG01789	GBR	EUR	1
HG01790	GBR	EUR	2
HG01791	GBR	EUR	1
HG02215	GBR	EUR	2
HG04301	GBR	EUR	2
HG04302	GBR	EUR	1
HG04303	GBR	EUR	2
NA20868	GIH	SAS	2
NA20871	GIH	SAS	1
NA20886	GIH	SAS	2
NA20898	GIH	SAS	1
NA20909	GIH	SAS	1
NA20910	GIH	SAS	2
NA20845	GIH	SAS	1
NA20846	GIH	SAS	1
NA20847	GIH	SAS	2
NA20849	GIH	SAS	2
NA20850	GIH	SAS	1
NA20851	GIH	SAS	2
NA20852	GIH	SAS	1
NA20853	GIH	SAS	2
NA20854	GIH	SAS	2
NA20856	GIH	SAS	2
NA20858	GIH	SAS	1
NA20859	GIH	SAS	2
NA20861	GIH	SAS	1
NA20862	GIH	SAS	2
NA20863	GIH	SAS	1
NA20864	GIH	SAS	1
NA20866	GIH	SAS	1
NA20867	GIH	SAS	1
NA20869	GIH	SAS	2
NA20870	GIH	SAS	1
NA20872	GIH	SAS	2
NA20873	GIH	SAS	1
NA20874	GIH	SAS	2
NA20875	GIH	SAS	2
NA20876	GIH	SAS	2
NA20877	GIH	SAS	2
NA20878	GIH	SAS	2
NA20879	GIH	SAS	2
NA20881	GIH	SAS	2
NA20882	GIH	SAS	2
NA20883	GIH	SAS	1
NA20884	GIH	SAS	1
NA20885	GIH	SAS	1
NA20887	GIH	SAS	1
NA20888	GIH	SAS	2
NA20889	GIH	SAS	1
NA20890	GIH	SAS	1
NA20891	GIH	SAS	1
NA20892	GIH	SAS	2
NA20893	GIH	SAS	2
NA20894	GIH	SAS	2
NA20895	GIH	SAS	1
NA20896	GIH	SAS	2
NA20897	GIH	SAS	1
NA20899	GIH	SAS	2
NA20900	GIH	SAS	2
NA20901	GIH	SAS	1
NA20902	GIH	SAS	2
NA20903	GIH	SAS	1
NA20904	GIH	SAS	1
NA20905	GIH	SAS	1
NA20906	GIH	SAS	2
NA20907	GIH	SAS	2
NA20908	GIH	SAS	2
NA20911	GIH	SAS	1
NA21086	GIH	SAS	2
NA21087	GIH	SAS	1
NA21088	GIH	SAS	2
NA21089	GIH	SAS	2
NA21090	GIH	SAS	1
NA21091	GIH	SAS	1
NA21092	GIH	SAS	1
NA21093	GIH	SAS	1
NA21094	GIH	SAS	1
NA21095	GIH	SAS	1
NA21097	GIH	SAS	2
NA21098	GIH	SAS	1
NA21099	GIH	SAS	1
NA21100	GIH	SAS	1
NA21101	GIH	SAS	2
NA21102	GIH	SAS	2
NA21103	GIH	SAS	2
NA21104	GIH	SAS	1
NA21105	GIH	SAS	1
NA21106	GIH	SAS	2
NA21107	GIH	SAS	1
NA21108	GIH	SAS	2
NA21109	GIH	SAS	1
NA21110	GIH	SAS	2
NA21111	GIH	SAS	1
NA21112	GIH	SAS	1
NA21113	GIH	SAS	1
NA21114	GIH	SAS	1
NA21115	GIH	SAS	1
NA21116	GIH	SAS	1
NA21117	GIH	SAS	1
NA21118	GIH	SAS	1
NA21119	GIH	SAS	1
NA21120	GIH	SAS	2
NA21121	GIH	SAS	2
NA21122	GIH	SAS	2
NA21123	GIH	SAS	1
NA21124	GIH	SAS	1
NA21125	GIH	SAS	2
NA21126	GIH	SAS	1
NA21127	GIH	SAS	1
NA21128	GIH	SAS	1
NA21129	GIH	SAS	1
NA21130	GIH	SAS	1
NA21133	GIH	SAS	1
NA21134	GIH	SAS	1
NA21135	GIH	SAS	1
NA21137	GIH	SAS	2
NA21141	GIH	SAS	2
NA21142	GIH	SAS	2
NA21143	GIH	SAS	2
NA21144	GIH	SAS	2
HG03024	GWD	AFR	1
HG03025	GWD	AFR	2
HG03026	GWD	AFR	2
HG03027	GWD	AFR	1
HG03028	GWD	AFR	2
HG03029	GWD	AFR	1
HG03033	GWD	AFR	1
HG03034	GWD	AFR	2
HG03035	GWD	AFR	1
HG03039	GWD	AFR	1
HG03040	GWD	AFR	2
HG03041	GWD	AFR	2
HG03045	GWD	AFR	1
HG03046	GWD	AFR	2
HG03047	GWD	AFR	2
HG03048	GWD	AFR	1
HG03049	GWD	AFR	2
HG03050	GWD	AFR	1
HG03240	GWD	AFR	1
HG03241	GWD	AFR	2
HG03242	GWD	AFR	1
HG03246	GWD	AFR	1
HG03247	GWD	AFR	2
HG03248	GWD	AFR	1
HG03249	GWD	AFR	1
HG03250	GWD	AFR	2
HG03251	GWD	AFR	2
HG03258	GWD	AFR	1
HG03259	GWD	AFR	2
HG03260	GWD	AFR	1
HG03538	GWD	AFR	1
HG03539	GWD	AFR	2
HG03540	GWD	AFR	2
HG02461	GWD	AFR	1
HG02462	GWD	AFR	2
HG02463	GWD	AFR	1
HG02464	GWD	AFR	1
HG02465	GWD	AFR	2
HG02466	GWD	AFR	1
HG02561	GWD	AFR	1
HG02562	GWD	AFR	2
HG02563	GWD	AFR	1
HG02567	GWD	AFR	1
HG02568	GWD	AFR	2
HG02569	GWD	AFR	1
HG02570	GWD	AFR	1
HG02571	GWD	AFR	2
HG02572	GWD	AFR	1
HG02573	GWD	AFR	1
HG02574	GWD	AFR	2
HG02575	GWD	AFR	1
HG02582	GWD	AFR	1
HG02583	GWD	AFR	2
HG02584	GWD	AFR	1
HG02585	GWD	AFR	1
HG02586	GWD	AFR	2
HG02587	GWD	AFR	2
HG02588	GWD	AFR	1
HG02589	GWD	AFR	2
HG02590	GWD	AFR	1
HG02594	GWD	AFR	1
HG02595	GWD	AFR	2
HG02596	GWD	AFR	1
HG02610	GWD	AFR	1
HG02611	GWD	AFR	2
HG02612	GWD	AFR	1
HG02613	GWD	AFR	1
HG02614	GWD	AFR	2
HG02615	GWD	AFR	2
HG02620	GWD	AFR	1
HG02621	GWD	AFR	2
HG02622	GWD	AFR	2
HG02623	GWD	AFR	1
HG02624	GWD	AFR	2
HG02625	GWD	AFR	1
HG02628	GWD	AFR	1
HG02629	GWD	AFR	2
HG02630	GWD	AFR	2
HG02634	GWD	AFR	1
HG02635	GWD	AFR	2
HG02636	GWD	AFR	1
HG02642	GWD	AFR	1
HG02643	GWD	AFR	2
HG02644	GWD	AFR	1
HG02645	GWD	AFR	1
HG02646	GWD	AFR	2
HG02647	GWD	AFR	1
HG02666	GWD	AFR	1
HG02667	GWD	AFR	2
HG02668	GWD	AFR	1
HG02675	GWD	AFR	1
HG02676	GWD	AFR	2
HG02677	GWD	AFR	2
HG02678	GWD	AFR	1
HG02679	GWD	AFR	2
HG02680	GWD	AFR	2
HG02702	GWD	AFR	1
HG02703	GWD	AFR	2
HG02704	GWD	AFR	2
HG02715	GWD	AFR	1
HG02716	GWD	AFR	2
HG02717	GWD	AFR	1
HG02721	GWD	AFR	1
HG02722	GWD	AFR	2
HG02723	GWD	AFR	2
HG02756	GWD	AFR	1
HG02757	GWD	AFR	2
HG02758	GWD	AFR	2
HG02759	GWD	AFR	1
HG02760	GWD	AFR	2
HG02761	GWD	AFR	2
HG02762	GWD	AFR	1
HG02763	GWD	AFR	2
HG02764	GWD	AFR	1
HG02768	GWD	AFR	1
HG02769	GWD	AFR	2
HG02770	GWD	AFR	2
HG02771	GWD	AFR	1
HG02772	GWD	AFR	2
HG02773	GWD	AFR	1
HG02798	GWD	AFR	1
HG02799	GWD	AFR	2
HG02800	GWD	AFR	1
HG02804	GWD	AFR	1
HG02805	GWD	AFR	2
HG02806	GWD	AFR	2
HG02807	GWD	AFR	1
HG02808	GWD	AFR	2
HG02809	GWD	AFR	2
HG02810	GWD	AFR	1
HG02811	GWD	AFR	2
HG02812	GWD	AFR	1
HG02813	GWD	AFR	1
HG02814	GWD	AFR	2
HG02815	GWD	AFR	1
HG02816	GWD	AFR	1
HG02817	GWD	AFR	2
HG02818	GWD	AFR	2
HG02819	GWD	AFR	1
HG02820	GWD	AFR	2
HG02821	GWD	AFR	1
HG02836	GWD	AFR	1
HG02837	GWD	AFR	2
HG02838	GWD	AFR	1
HG02839	GWD	AFR	1
HG02840	GWD	AFR	2
HG02841	GWD	AFR	2
HG02851	GWD	AFR	1
HG02852	GWD	AFR	2
HG02853	GWD	AFR	1
HG02854	GWD	AFR	1
HG02855	GWD	AFR	2
HG02856	GWD	AFR	1
HG02860	GWD	AFR	1
HG02861	GWD	AFR	2
HG02862	GWD	AFR	2
HG02869	GWD	AFR	1
HG02870	GWD	AFR	2
HG02871	GWD	AFR	2
HG02878	GWD	AFR	1
HG02879	GWD	AFR	2
HG02880	GWD	AFR	2
HG02881	GWD	AFR	1
HG02882	GWD	AFR	2
HG02883	GWD	AFR	1
HG02884	GWD	AFR	1
HG02885	GWD	AFR	2
HG02886	GWD	AFR	2
HG02887	GWD	AFR	1
HG02888	GWD	AFR	2
HG02889	GWD	AFR	2
HG02890	GWD	AFR	1
HG02891	GWD	AFR	2
HG02892	GWD	AFR	1
HG02895	GWD	AFR	1
HG02896	GWD	AFR	2
HG02897	GWD	AFR	2
HG02982	GWD	AFR	1
HG02983	GWD	AFR	2
HG02984	GWD	AFR	1
HG01500	IBS	EUR	1
HG01501	IBS	EUR	2
HG01502	IBS	EUR	1
HG01503	IBS	EUR	1
HG01504	IBS	EUR	2
HG01505	IBS	EUR	1
HG01506	IBS	EUR	1
HG01507	IBS	EUR	2
HG01508	IBS	EUR	1
HG01509	IBS	EUR	1
HG01510	IBS	EUR	2
HG01511	IBS	EUR	2
HG01512	IBS	EUR	1
HG01513	IBS	EUR	2
HG01514	IBS	EUR	2
HG01515	IBS	EUR	1
HG01516	IBS	EUR	2
HG01517	IBS	EUR	2
HG01518	IBS	EUR	1
HG01519	IBS	EUR	2
HG01520	IBS	EUR	2
HG01521	IBS	EUR	1
HG01522	IBS	EUR	2
HG01523	IBS	EUR	1
HG01524	IBS	EUR	1
HG01525	IBS	EUR	2
HG01526	IBS	EUR	1
HG01527	IBS	EUR	1
HG01528	IBS	EUR	2
HG01529	IBS	EUR	1
HG01530	IBS	EUR	1
HG01531	IBS	EUR	2
HG01532	IBS	EUR	1
HG01536	IBS	EUR	1
HG01537	IBS	EUR	2
HG01538	IBS	EUR	2
HG01631	IBS	EUR	1
HG01632	IBS	EUR	2
HG01633	IBS	EUR	1
HG01628	IBS	EUR	2
HG01629	IBS	EUR	1
HG01630	IBS	EUR	1
HG01625	IBS	EUR	1
HG01626	IBS	EUR	2
HG01627	IBS	EUR	1
HG01622	IBS	EUR	2
HG01623	IBS	EUR	2
HG01624	IBS	EUR	1
HG01619	IBS	EUR	1
HG01620	IBS	EUR	2
HG01621	IBS	EUR	1
HG01616	IBS	EUR	2
HG01617	IBS	EUR	1
HG01618	IBS	EUR	2
HG01613	IBS	EUR	2
HG01614	IBS	EUR	2
HG01615	IBS	EUR	1
HG01610	IBS	EUR	1
HG01611	IBS	EUR	1
HG01612	IBS	EUR	2
HG01607	IBS	EUR	2
HG01608	IBS	EUR	1
HG01609	IBS	EUR	1
HG01604	IBS	EUR	2
HG01605	IBS	EUR	2
HG01606	IBS	EUR	1
HG01601	IBS	EUR	1
HG01602	IBS	EUR	2
HG01603	IBS	EUR	1
HG01667	IBS	EUR	1
HG01668	IBS	EUR	2
HG01669	IBS	EUR	1
HG01670	IBS	EUR	2
HG01671	IBS	EUR	1
HG01672	IBS	EUR	1
HG01673	IBS	EUR	2
HG01674	IBS	EUR	1
HG01675	IBS	EUR	1
HG01676	IBS	EUR	2
HG01677	IBS	EUR	2
HG01678	IBS	EUR	1
HG01679	IBS	EUR	2
HG01680	IBS	EUR	1
HG01681	IBS	EUR	2
HG01682	IBS	EUR	1
HG01683	IBS	EUR	1
HG01684	IBS	EUR	2
HG01685	IBS	EUR	2
HG01686	IBS	EUR	1
HG01687	IBS	EUR	2
HG01694	IBS	EUR	1
HG01695	IBS	EUR	2
HG01696	IBS	EUR	1
HG01697	IBS	EUR	2
HG01698	IBS	EUR	1
HG01699	IBS	EUR	1
HG01700	IBS	EUR	1
HG01701	IBS	EUR	1
HG01702	IBS	EUR	2
HG01703	IBS	EUR	1
HG01704	IBS	EUR	2
HG01705	IBS	EUR	1
HG01706	IBS	EUR	2
HG01707	IBS	EUR	2
HG01708	IBS	EUR	1
HG01709	IBS	EUR	1
HG01710	IBS	EUR	2
HG01711	IBS	EUR	2
HG01746	IBS	EUR	2
HG01747	IBS	EUR	1
HG01748	IBS	EUR	1
HG01755	IBS	EUR	2
HG01756	IBS	EUR	1
HG01757	IBS	EUR	2
HG01761	IBS	EUR	1
HG01762	IBS	EUR	2
HG01763	IBS	EUR	2
HG01764	IBS	EUR	2
HG01765	IBS	EUR	1
HG01766	IBS	EUR	2
HG01767	IBS	EUR	1
HG01768	IBS	EUR	2
HG01769	IBS	EUR	2
HG01770	IBS	EUR	2
HG01771	IBS	EUR	1
HG01772	IBS	EUR	2
HG01773	IBS	EUR	2
HG01774	IBS	EUR	1
HG01775	IBS	EUR	1
HG01776	IBS	EUR	2
HG01777	IBS	EUR	1
HG01778	IBS	EUR	1
HG01779	IBS	EUR	2
HG01780	IBS	EUR	1
HG01781	IBS	EUR	1
HG01782	IBS	EUR	2
HG01783	IBS	EUR	1
HG01784	IBS	EUR	2
HG01785	IBS	EUR	1
HG01786	IBS	EUR	2
HG01787	IBS	EUR	2
HG02217	IBS	EUR	2
HG02218	IBS	EUR	2
HG02219	IBS	EUR	1
HG02220	IBS	EUR	2
HG02221	IBS	EUR	1
HG02222	IBS	EUR	2
HG02223	IBS	EUR	2
HG02224	IBS	EUR	1
HG02225	IBS	EUR	2
HG02229	IBS	EUR	2
HG02230	IBS	EUR	2
HG02231	IBS	EUR	1
HG02232	IBS	EUR	2
HG02233	IBS	EUR	1
HG02234	IBS	EUR	1
HG02235	IBS	EUR	2
HG02236	IBS	EUR	1
HG02237	IBS	EUR	2
HG02238	IBS	EUR	1
HG02239	IBS	EUR	2
HG02240	IBS	EUR	2
HG03871	ITU	SAS	1
HG04206	ITU	SAS	1
HG04239	ITU	SAS	1
HG03713	ITU	SAS	1
HG03715	ITU	SAS	1
HG03719	ITU	SAS	2
HG03722	ITU	SAS	2
HG03725	ITU	SAS	1
HG03721	ITU	SAS	2
HG03727	ITU	SAS	1
HG03732	ITU	SAS	1
HG03772	ITU	SAS	2
HG03773	ITU	SAS	1
HG03874	ITU	SAS	2
HG03876	ITU	SAS	1
HG03879	ITU	SAS	1
HG04018	ITU	SAS	2
HG03714	ITU	SAS	2
HG03716	ITU	SAS	1
HG03717	ITU	SAS	2
HG03718	ITU	SAS	1
HG03730	ITU	SAS	2
HG03723	ITU	SAS	2
HG03729	ITU	SAS	1
HG03731	ITU	SAS	2
HG03742	ITU	SAS	1
HG03770	ITU	SAS	2
HG03771	ITU	SAS	1
HG03781	ITU	SAS	2
HG03779	ITU	SAS	1
HG03774	ITU	SAS	2
HG03775	ITU	SAS	1
HG03777	ITU	SAS	1
HG03784	ITU	SAS	2
HG03786	ITU	SAS	1
HG03785	ITU	SAS	1
HG03790	ITU	SAS	1
HG03792	ITU	SAS	1
HG03787	ITU	SAS	2
HG03788	ITU	SAS	1
HG03789	ITU	SAS	2
HG03782	ITU	SAS	2
HG03783	ITU	SAS	1
HG03866	ITU	SAS	1
HG03873	ITU	SAS	2
HG03861	ITU	SAS	2
HG03863	ITU	SAS	2
HG03864	ITU	SAS	1
HG03862	ITU	SAS	2
HG03869	ITU	SAS	1
HG03872	ITU	SAS	1
HG03870	ITU	SAS	1
HG03867	ITU	SAS	1
HG03780	ITU	SAS	2
HG03882	ITU	SAS	2
HG03963	ITU	SAS	1
HG03960	ITU	SAS	1
HG03968	ITU	SAS	2
HG03969	ITU	SAS	1
HG03977	ITU	SAS	2
HG03978	ITU	SAS	1
HG03971	ITU	SAS	1
HG03972	ITU	SAS	2
HG03974	ITU	SAS	1
HG03973	ITU	SAS	2
HG03976	ITU	SAS	1
HG03720	ITU	SAS	1
HG04001	ITU	SAS	2
HG04002	ITU	SAS	1
HG04019	ITU	SAS	1
HG04024	ITU	SAS	2
HG04023	ITU	SAS	1
HG04025	ITU	SAS	2
HG04014	ITU	SAS	2
HG04020	ITU	SAS	1
HG04015	ITU	SAS	1
HG04017	ITU	SAS	1
HG04026	ITU	SAS	2
HG04022	ITU	SAS	1
HG04050	ITU	SAS	2
HG04053	ITU	SAS	1
HG04055	ITU	SAS	1
HG04054	ITU	SAS	2
HG04056	ITU	SAS	1
HG04061	ITU	SAS	1
HG04062	ITU	SAS	2
HG04060	ITU	SAS	1
HG04063	ITU	SAS	2
HG04058	ITU	SAS	1
HG04059	ITU	SAS	2
HG04076	ITU	SAS	2
HG04080	ITU	SAS	1
HG04090	ITU	SAS	2
HG04093	ITU	SAS	1
HG04094	ITU	SAS	1
HG04096	ITU	SAS	1
HG04098	ITU	SAS	1
HG03778	ITU	SAS	1
HG04118	ITU	SAS	2
HG04209	ITU	SAS	2
HG04198	ITU	SAS	1
HG04200	ITU	SAS	2
HG04217	ITU	SAS	2
HG04202	ITU	SAS	2
HG04211	ITU	SAS	1
HG04212	ITU	SAS	2
HG04222	ITU	SAS	1
HG04214	ITU	SAS	2
HG04216	ITU	SAS	2
HG04219	ITU	SAS	1
HG04225	ITU	SAS	1
HG04235	ITU	SAS	1
HG04238	ITU	SAS	1
HG03875	ITU	SAS	1
HG03965	ITU	SAS	1
HG04070	ITU	SAS	2
HG03868	ITU	SAS	2
HG03967	ITU	SAS	1
NA18939	JPT	EAS	2
NA18940	JPT	EAS	1
NA18941	JPT	EAS	2
NA18942	JPT	EAS	2
NA18943	JPT	EAS	1
NA18944	JPT	EAS	1
NA18945	JPT	EAS	1
NA18946	JPT	EAS	2
NA18947	JPT	EAS	2
NA18948	JPT	EAS	1
NA18949	JPT	EAS	2
NA18950	JPT	EAS	2
NA18951	JPT	EAS	2
NA18952	JPT	EAS	1
NA18953	JPT	EAS	1
NA18954	JPT	EAS	2
NA18955	JPT	EAS	1
NA18956	JPT	EAS	2
NA18957	JPT	EAS	2
NA18959	JPT	EAS	1
NA18960	JPT	EAS	1
NA18961	JPT	EAS	1
NA18962	JPT	EAS	1
NA18963	JPT	EAS	2
NA18964	JPT	EAS	2
NA18965	JPT	EAS	1
NA18966	JPT	EAS	1
NA18967	JPT	EAS	1
NA18968	JPT	EAS	2
NA18969	JPT	EAS	2
NA18970	JPT	EAS	1
NA18971	JPT	EAS	1
NA18972	JPT	EAS	2
NA18973	JPT	EAS	2
NA18974	JPT	EAS	1
NA18975	JPT	EAS	2
NA18976	JPT	EAS	2
NA18977	JPT	EAS	1
NA18978	JPT	EAS	2
NA18979	JPT	EAS	2
NA18980	JPT	EAS	2
NA18981	JPT	EAS	2
NA18982	JPT	EAS	1
NA18983	JPT	EAS	1
NA18984	JPT	EAS	1
NA18985	JPT	EAS	1
NA18986	JPT	EAS	1
NA18987	JPT	EAS	2
NA18988	JPT	EAS	1
NA18989	JPT	EAS	1
NA18990	JPT	EAS	1
NA18991	JPT	EAS	2
NA18992	JPT	EAS	2
NA18993	JPT	EAS	2
NA18994	JPT	EAS	1
NA18995	JPT	EAS	1
NA18997	JPT	EAS	2
NA18998	JPT	EAS	2
NA18999	JPT	EAS	2
NA19000	JPT	EAS	1
NA19001	JPT	EAS	2
NA19002	JPT	EAS	2
NA19003	JPT	EAS	2
NA19004	JPT	EAS	1
NA19005	JPT	EAS	1
NA19006	JPT	EAS	1
NA19007	JPT	EAS	1
NA19009	JPT	EAS	1
NA19010	JPT	EAS	2
NA19011	JPT	EAS	2
NA19012	JPT	EAS	1
NA19054	JPT	EAS	2
NA19055	JPT	EAS	1
NA19056	JPT	EAS	1
NA19057	JPT	EAS	2
NA19058	JPT	EAS	1
NA19059	JPT	EAS	2
NA19060	JPT	EAS	1
NA19062	JPT	EAS	1
NA19063	JPT	EAS	1
NA19064	JPT	EAS	2
NA19065	JPT	EAS	2
NA19066	JPT	EAS	1
NA19067	JPT	EAS	1
NA19068	JPT	EAS	1
NA19070	JPT	EAS	1
NA19072	JPT	EAS	1
NA19074	JPT	EAS	2
NA19075	JPT	EAS	1
NA19076	JPT	EAS	1
NA19077	JPT	EAS	2
NA19078	JPT	EAS	2
NA19079	JPT	EAS	1
NA19080	JPT	EAS	2
NA19081	JPT	EAS	2
NA19082	JPT	EAS	1
NA19083	JPT	EAS	1
NA19084	JPT	EAS	2
NA19085	JPT	EAS	1
NA19086	JPT	EAS	1
NA19087	JPT	EAS	2
NA19088	JPT	EAS	1
NA19089	JPT	EAS	1
NA19090	JPT	EAS	2
NA19091	JPT	EAS	1
HG01595	KHV	EAS	2
HG01596	KHV	EAS	1
HG01597	KHV	EAS	2
HG01598	KHV	EAS	2
HG01599	KHV	EAS	2
HG01600	KHV	EAS	2
HG01840	KHV	EAS	1
HG01841	KHV	EAS	2
HG01842	KHV	EAS	1
HG01843	KHV	EAS	2
HG01844	KHV	EAS	1
HG01845	KHV	EAS	2
HG01846	KHV	EAS	1
HG01847	KHV	EAS	2
HG01848	KHV	EAS	2
HG01849	KHV	EAS	1
HG01850	KHV	EAS	2
HG01851	KHV	EAS	2
HG01852	KHV	EAS	1
HG01853	KHV	EAS	2
HG01855	KHV	EAS	2
HG01857	KHV	EAS	2
HG01858	KHV	EAS	2
HG01859	KHV	EAS	2
HG01860	KHV	EAS	1
HG01861	KHV	EAS	1
HG01862	KHV	EAS	2
HG01863	KHV	EAS	2
HG01864	KHV	EAS	1
HG01865	KHV	EAS	1
HG01866	KHV	EAS	1
HG01867	KHV	EAS	1
HG01868	KHV	EAS	2
HG01869	KHV	EAS	2
HG01870	KHV	EAS	2
HG01871	KHV	EAS	2
HG01872	KHV	EAS	1
HG01873	KHV	EAS	1
HG01874	KHV	EAS	2
HG01878	KHV	EAS	2
HG02015	KHV	EAS	1
HG02016	KHV	EAS	2
HG02017	KHV	EAS	1
HG02018	KHV	EAS	2
HG02019	KHV	EAS	2
HG02020	KHV	EAS	1
HG02021	KHV	EAS	1
HG02023	KHV	EAS	1
HG02024	KHV	EAS	2
HG02025	KHV	EAS	2
HG02026	KHV	EAS	1
HG02027	KHV	EAS	1
HG02028	KHV	EAS	2
HG02029	KHV	EAS	1
HG02030	KHV	EAS	1
HG02031	KHV	EAS	2
HG02032	KHV	EAS	1
HG02035	KHV	EAS	1
HG02040	KHV	EAS	1
HG02046	KHV	EAS	2
HG02047	KHV	EAS	1
HG02048	KHV	EAS	2
HG02049	KHV	EAS	2
HG02050	KHV	EAS	1
HG02056	KHV	EAS	1
HG02057	KHV	EAS	2
HG02058	KHV	EAS	1
HG02059	KHV	EAS	2
HG02060	KHV	EAS	2
HG02061	KHV	EAS	1
HG02064	KHV	EAS	1
HG02067	KHV	EAS	1
HG02068	KHV	EAS	2
HG02069	KHV	EAS	2
HG02070	KHV	EAS	1
HG02071	KHV	EAS	1
HG02072	KHV	EAS	2
HG02073	KHV	EAS	1
HG02074	KHV	EAS	1
HG02075	KHV	EAS	2
HG02076	KHV	EAS	1
HG02077	KHV	EAS	1
HG02078	KHV	EAS	2
HG02079	KHV	EAS	1
HG02080	KHV	EAS	2
HG02081	KHV	EAS	2
HG02082	KHV	EAS	1
HG02083	KHV	EAS	1
HG02084	KHV	EAS	2
HG02085	KHV	EAS	1
HG02086	KHV	EAS	2
HG02087	KHV	EAS	2
HG02088	KHV	EAS	1
HG02113	KHV	EAS	2
HG02116	KHV	EAS	1
HG02120	KHV	EAS	1
HG02121	KHV	EAS	2
HG02122	KHV	EAS	1
HG02126	KHV	EAS	2
HG02127	KHV	EAS	2
HG02128	KHV	EAS	1
HG02129	KHV	EAS	1
HG02130	KHV	EAS	2
HG02131	KHV	EAS	1
HG02132	KHV	EAS	1
HG02133	KHV	EAS	2
HG02134	KHV	EAS	1
HG02135	KHV	EAS	1
HG02136	KHV	EAS	2
HG02137	KHV	EAS	1
HG02138	KHV	EAS	1
HG02139	KHV	EAS	2
HG02140	KHV	EAS	2
HG02141	KHV	EAS	1
HG02142	KHV	EAS	2
HG02512	KHV	EAS	1
HG02513	KHV	EAS	2
HG02514	KHV	EAS	1
HG02521	KHV	EAS	1
HG02522	KHV	EAS	2
HG02523	KHV	EAS	2
HG02524	KHV	EAS	1
HG02525	KHV	EAS	2
HG02526	KHV	EAS	2
NA19313	LWK	AFR	2
NA19331	LWK	AFR	1
NA19381	LWK	AFR	2
NA19382	LWK	AFR	1
NA19432	LWK	AFR	2
NA19434	LWK	AFR	2
NA19444	LWK	AFR	1
NA19445	LWK	AFR	2
NA19453	LWK	AFR	1
NA19469	LWK	AFR	2
NA19470	LWK	AFR	2
NA19017	LWK	AFR	2
NA19019	LWK	AFR	2
NA19020	LWK	AFR	1
NA19023	LWK	AFR	2
NA19024	LWK	AFR	2
NA19025	LWK	AFR	1
NA19026	LWK	AFR	1
NA19027	LWK	AFR	1
NA19028	LWK	AFR	1
NA19030	LWK	AFR	2
NA19031	LWK	AFR	1
NA19035	LWK	AFR	1
NA19036	LWK	AFR	2
NA19037	LWK	AFR	2
NA19038	LWK	AFR	2
NA19041	LWK	AFR	1
NA19042	LWK	AFR	2
NA19043	LWK	AFR	1
NA19044	LWK	AFR	1
NA19046	LWK	AFR	1
NA19307	LWK	AFR	1
NA19308	LWK	AFR	1
NA19309	LWK	AFR	1
NA19310	LWK	AFR	2
NA19311	LWK	AFR	1
NA19312	LWK	AFR	1
NA19314	LWK	AFR	2
NA19315	LWK	AFR	2
NA19316	LWK	AFR	2
NA19317	LWK	AFR	1
NA19318	LWK	AFR	1
NA19319	LWK	AFR	1
NA19320	LWK	AFR	2
NA19321	LWK	AFR	2
NA19323	LWK	AFR	2
NA19324	LWK	AFR	2
NA19327	LWK	AFR	2
NA19328	LWK	AFR	2
NA19332	LWK	AFR	2
NA19334	LWK	AFR	1
NA19338	LWK	AFR	2
NA19346	LWK	AFR	1
NA19347	LWK	AFR	1
NA19350	LWK	AFR	1
NA19351	LWK	AFR	2
NA19352	LWK	AFR	1
NA19355	LWK	AFR	2
NA19359	LWK	AFR	1
NA19360	LWK	AFR	1
NA19371	LWK	AFR	1
NA19372	LWK	AFR	1
NA19373	LWK	AFR	1
NA19374	LWK	AFR	1
NA19375	LWK	AFR	1
NA19376	LWK	AFR	1
NA19377	LWK	AFR	2
NA19378	LWK	AFR	2
NA19379	LWK	AFR	2
NA19380	LWK	AFR	1
NA19383	LWK	AFR	1
NA19384	LWK	AFR	1
NA19385	LWK	AFR	1
NA19390	LWK	AFR	2
NA19391	LWK	AFR	2
NA19393	LWK	AFR	1
NA19394	LWK	AFR	1
NA19395	LWK	AFR	2
NA19396	LWK	AFR	2
NA19397	LWK	AFR	1
NA19398	LWK	AFR	2
NA19399	LWK	AFR	2
NA19401	LWK	AFR	2
NA19403	LWK	AFR	2
NA19404	LWK	AFR	2
NA19428	LWK	AFR	1
NA19429	LWK	AFR	1
NA19430	LWK	AFR	1
NA19431	LWK	AFR	2
NA19435	LWK	AFR	2
NA19436	LWK	AFR	2
NA19437	LWK	AFR	2
NA19438	LWK	AFR	2
NA19439	LWK	AFR	2
NA19440	LWK	AFR	2
NA19443	LWK	AFR	1
NA19446	LWK	AFR	2
NA19448	LWK	AFR	1
NA19449	LWK	AFR	2
NA19451	LWK	AFR	1
NA19452	LWK	AFR	1
NA19454	LWK	AFR	1
NA19455	LWK	AFR	1
NA19456	LWK	AFR	2
NA19457	LWK	AFR	2
NA19461	LWK	AFR	1
NA19462	LWK	AFR	2
NA19463	LWK	AFR	2
NA19466	LWK	AFR	1
NA19467	LWK	AFR	2
NA19468	LWK	AFR	2
NA19471	LWK	AFR	2
NA19472	LWK	AFR	2
NA19473	LWK	AFR	2
NA19474	LWK	AFR	2
NA19475	LWK	AFR	2
HG03057	MSL	AFR	1
HG03060	MSL	AFR	1
HG03074	MSL	AFR	1
HG03077	MSL	AFR	1
HG03078	MSL	AFR	1
HG03084	MSL	AFR	1
HG03085	MSL	AFR	2
HG03086	MSL	AFR	2
HG03378	MSL	AFR	2
HG03383	MSL	AFR	2
HG03393	MSL	AFR	2
HG03397	MSL	AFR	1
HG03398	MSL	AFR	2
HG03431	MSL	AFR	2
HG03432	MSL	AFR	1
HG03433	MSL	AFR	1
HG03436	MSL	AFR	1
HG03437	MSL	AFR	2
HG03442	MSL	AFR	1
HG03445	MSL	AFR	1
HG03446	MSL	AFR	2
HG03457	MSL	AFR	1
HG03460	MSL	AFR	1
HG03461	MSL	AFR	2
HG03462	MSL	AFR	1
HG03472	MSL	AFR	1
HG03547	MSL	AFR	1
HG03548	MSL	AFR	2
HG03549	MSL	AFR	2
HG03556	MSL	AFR	1
HG03557	MSL	AFR	2
HG03558	MSL	AFR	2
HG03565	MSL	AFR	1
HG03566	MSL	AFR	2
HG03567	MSL	AFR	2
HG03052	MSL	AFR	2
HG03053	MSL	AFR	2
HG03054	MSL	AFR	1
HG03055	MSL	AFR	2
HG03056	MSL	AFR	1
HG03058	MSL	AFR	2
HG03059	MSL	AFR	1
HG03061	MSL	AFR	2
HG03062	MSL	AFR	1
HG03063	MSL	AFR	1
HG03064	MSL	AFR	2
HG03065	MSL	AFR	1
HG03066	MSL	AFR	1
HG03069	MSL	AFR	1
HG03072	MSL	AFR	1
HG03073	MSL	AFR	2
HG03076	MSL	AFR	2
HG03079	MSL	AFR	2
HG03080	MSL	AFR	2
HG03081	MSL	AFR	1
HG03082	MSL	AFR	2
HG03088	MSL	AFR	2
HG03091	MSL	AFR	2
HG03095	MSL	AFR	2
HG03096	MSL	AFR	1
HG03097	MSL	AFR	2
HG03098	MSL	AFR	1
HG03209	MSL	AFR	1
HG03212	MSL	AFR	2
HG03224	MSL	AFR	1
HG03225	MSL	AFR	1
HG03376	MSL	AFR	1
HG03380	MSL	AFR	2
HG03382	MSL	AFR	1
HG03384	MSL	AFR	2
HG03399	MSL	AFR	1
HG03385	MSL	AFR	1
HG03388	MSL	AFR	1
HG03390	MSL	AFR	1
HG03391	MSL	AFR	1
HG03381	MSL	AFR	2
HG03394	MSL	AFR	1
HG03401	MSL	AFR	2
HG03402	MSL	AFR	2
HG03408	MSL	AFR	1
HG03410	MSL	AFR	2
HG03411	MSL	AFR	2
HG03419	MSL	AFR	2
HG03428	MSL	AFR	2
HG03439	MSL	AFR	1
HG03449	MSL	AFR	2
HG03450	MSL	AFR	2
HG03451	MSL	AFR	1
HG03452	MSL	AFR	2
HG03453	MSL	AFR	2
HG03466	MSL	AFR	1
HG03468	MSL	AFR	1
HG03454	MSL	AFR	1
HG03455	MSL	AFR	2
HG03456	MSL	AFR	1
HG03458	MSL	AFR	2
HG03459	MSL	AFR	1
HG03464	MSL	AFR	2
HG03465	MSL	AFR	1
HG03438	MSL	AFR	2
HG03470	MSL	AFR	2
HG03469	MSL	AFR	1
HG03471	MSL	AFR	1
HG03473	MSL	AFR	2
HG03474	MSL	AFR	1
HG03476	MSL	AFR	2
HG03477	MSL	AFR	1
HG03478	MSL	AFR	1
HG03479	MSL	AFR	2
HG03480	MSL	AFR	2
HG03484	MSL	AFR	1
HG03485	MSL	AFR	2
HG03486	MSL	AFR	2
HG03559	MSL	AFR	1
HG03563	MSL	AFR	2
HG03564	MSL	AFR	2
HG03569	MSL	AFR	2
HG03571	MSL	AFR	1
HG03572	MSL	AFR	2
HG03574	MSL	AFR	1
HG03575	MSL	AFR	2
HG03576	MSL	AFR	2
HG03577	MSL	AFR	1
HG03578	MSL	AFR	2
HG03579	MSL	AFR	1
HG03582	MSL	AFR	1
HG03583	MSL	AFR	2
HG03584	MSL	AFR	2
NA19672	MXL	AMR	2
NA19674	MXL	AMR	1
NA19734	MXL	AMR	2
NA19735	MXL	AMR	1
NA19737	MXL	AMR	2
NA19738	MXL	AMR	1
NA19740	MXL	AMR	2
NA19741	MXL	AMR	1
NA19742	MXL	AMR	1
NA19752	MXL	AMR	2
NA19753	MXL	AMR	1
NA19754	MXL	AMR	2
NA19764	MXL	AMR	2
NA19766	MXL	AMR	2
NA19792	MXL	AMR	1
NA19797	MXL	AMR	2
NA19798	MXL	AMR	1
NA19648	MXL	AMR	2
NA19649	MXL	AMR	1
NA19650	MXL	AMR	1
NA19669	MXL	AMR	2
NA19670	MXL	AMR	1
NA19671	MXL	AMR	2
NA19675	MXL	AMR	2
NA19676	MXL	AMR	1
NA19677	MXL	AMR	2
NA19651	MXL	AMR	2
NA19652	MXL	AMR	1
NA19653	MXL	AMR	2
NA19654	MXL	AMR	2
NA19655	MXL	AMR	1
NA19656	MXL	AMR	2
NA19657	MXL	AMR	2
NA19658	MXL	AMR	1
NA19659	MXL	AMR	2
NA19662	MXL	AMR	2
NA19678	MXL	AMR	2
NA19679	MXL	AMR	1
NA19680	MXL	AMR	2
NA19681	MXL	AMR	2
NA19682	MXL	AMR	1
NA19683	MXL	AMR	2
NA19660	MXL	AMR	2
NA19661	MXL	AMR	1
NA19684	MXL	AMR	2
NA19685	MXL	AMR	1
NA19686	MXL	AMR	2
NA19663	MXL	AMR	2
NA19664	MXL	AMR	1
NA19665	MXL	AMR	2
NA19716	MXL	AMR	2
NA19717	MXL	AMR	1
NA19718	MXL	AMR	2
NA19719	MXL	AMR	2
NA19720	MXL	AMR	1
NA19721	MXL	AMR	2
NA19722	MXL	AMR	2
NA19723	MXL	AMR	1
NA19724	MXL	AMR	1
NA19725	MXL	AMR	2
NA19726	MXL	AMR	1
NA19727	MXL	AMR	1
NA19728	MXL	AMR	2
NA19729	MXL	AMR	1
NA19730	MXL	AMR	2
NA19731	MXL	AMR	2
NA19732	MXL	AMR	1
NA19733	MXL	AMR	2
NA19746	MXL	AMR	2
NA19747	MXL	AMR	1
NA19748	MXL	AMR	2
NA19749	MXL	AMR	2
NA19750	MXL	AMR	1
NA19751	MXL	AMR	1
NA19755	MXL	AMR	2
NA19756	MXL	AMR	1
NA19757	MXL	AMR	1
NA19758	MXL	AMR	2
NA19759	MXL	AMR	1
NA19760	MXL	AMR	2
NA19761	MXL	AMR	2
NA19762	MXL	AMR	1
NA19763	MXL	AMR	2
NA19770	MXL	AMR	2
NA19771	MXL	AMR	1
NA19772	MXL	AMR	1
NA19785	MXL	AMR	2
NA19786	MXL	AMR	1
NA19787	MXL	AMR	1
NA19773	MXL	AMR	2
NA19774	MXL	AMR	1
NA19775	MXL	AMR	2
NA19776	MXL	AMR	2
NA19777	MXL	AMR	1
NA19778	MXL	AMR	1
NA19779	MXL	AMR	2
NA19780	MXL	AMR	1
NA19781	MXL	AMR	2
NA19782	MXL	AMR	2
NA19783	MXL	AMR	1
NA19784	MXL	AMR	1
NA19788	MXL	AMR	2
NA19789	MXL	AMR	1
NA19790	MXL	AMR	2
NA19794	MXL	AMR	2
NA19795	MXL	AMR	1
NA19796	MXL	AMR	1
HG01565	PEL	AMR	1
HG01566	PEL	AMR	2
HG01567	PEL	AMR	2
HG01571	PEL	AMR	1
HG01572	PEL	AMR	2
HG01573	PEL	AMR	2
HG01577	PEL	AMR	1
HG01578	PEL	AMR	2
HG01579	PEL	AMR	1
HG01917	PEL	AMR	1
HG01918	PEL	AMR	2
HG01919	PEL	AMR	2
HG01892	PEL	AMR	1
HG01893	PEL	AMR	2
HG01898	PEL	AMR	2
HG01920	PEL	AMR	1
HG01921	PEL	AMR	2
HG01922	PEL	AMR	2
HG01923	PEL	AMR	1
HG01924	PEL	AMR	2
HG01925	PEL	AMR	2
HG01926	PEL	AMR	1
HG01927	PEL	AMR	2
HG01928	PEL	AMR	1
HG01932	PEL	AMR	1
HG01933	PEL	AMR	2
HG01934	PEL	AMR	1
HG01935	PEL	AMR	1
HG01936	PEL	AMR	2
HG01937	PEL	AMR	1
HG01938	PEL	AMR	1
HG01939	PEL	AMR	2
HG01940	PEL	AMR	2
HG01941	PEL	AMR	1
HG01942	PEL	AMR	2
HG01943	PEL	AMR	1
HG01944	PEL	AMR	1
HG01945	PEL	AMR	2
HG01946	PEL	AMR	1
HG01947	PEL	AMR	1
HG01948	PEL	AMR	2
HG01949	PEL	AMR	2
HG01950	PEL	AMR	1
HG01951	PEL	AMR	2
HG01952	PEL	AMR	1
HG01953	PEL	AMR	1
HG01954	PEL	AMR	2
HG01955	PEL	AMR	2
HG01967	PEL	AMR	1
HG01968	PEL	AMR	2
HG01969	PEL	AMR	2
HG01970	PEL	AMR	1
HG01971	PEL	AMR	2
HG01972	PEL	AMR	2
HG01961	PEL	AMR	1
HG01965	PEL	AMR	2
HG01973	PEL	AMR	2
HG01974	PEL	AMR	1
HG01975	PEL	AMR	2
HG01976	PEL	AMR	2
HG01977	PEL	AMR	1
HG01978	PEL	AMR	2
HG01979	PEL	AMR	1
HG01980	PEL	AMR	2
HG01981	PEL	AMR	2
HG01982	PEL	AMR	1
HG01983	PEL	AMR	2
HG01984	PEL	AMR	1
HG01991	PEL	AMR	1
HG01992	PEL	AMR	2
HG01993	PEL	AMR	2
HG01995	PEL	AMR	2
HG01997	PEL	AMR	2
HG01998	PEL	AMR	1
HG02008	PEL	AMR	1
HG02002	PEL	AMR	1
HG02003	PEL	AMR	2
HG02004	PEL	AMR	2
HG02006	PEL	AMR	2
HG02089	PEL	AMR	2
HG02090	PEL	AMR	1
HG02091	PEL	AMR	2
HG02102	PEL	AMR	2
HG02104	PEL	AMR	1
HG02105	PEL	AMR	2
HG02106	PEL	AMR	2
HG02146	PEL	AMR	1
HG02147	PEL	AMR	2
HG02148	PEL	AMR	2
HG02150	PEL	AMR	1
HG02252	PEL	AMR	2
HG02253	PEL	AMR	1
HG02254	PEL	AMR	2
HG02259	PEL	AMR	1
HG02260	PEL	AMR	2
HG02261	PEL	AMR	1
HG02262	PEL	AMR	1
HG02265	PEL	AMR	1
HG02266	PEL	AMR	2
HG02267	PEL	AMR	2
HG02271	PEL	AMR	1
HG02272	PEL	AMR	2
HG02273	PEL	AMR	2
HG02274	PEL	AMR	1
HG02275	PEL	AMR	2
HG02276	PEL	AMR	2
HG02277	PEL	AMR	1
HG02278	PEL	AMR	2
HG02279	PEL	AMR	1
HG02285	PEL	AMR	1
HG02286	PEL	AMR	2
HG02287	PEL	AMR	2
HG02288	PEL	AMR	1
HG02291	PEL	AMR	1
HG02292	PEL	AMR	2
HG02293	PEL	AMR	2
HG02298	PEL	AMR	2
HG02299	PEL	AMR	1
HG02300	PEL	AMR	1
HG02301	PEL	AMR	2
HG02302	PEL	AMR	1
HG02303	PEL	AMR	2
HG02304	PEL	AMR	1
HG02312	PEL	AMR	2
HG02344	PEL	AMR	1
HG02345	PEL	AMR	2
HG02347	PEL	AMR	1
HG02348	PEL	AMR	2
HG02415	PEL	AMR	2
HG02425	PEL	AMR	2
HG03022	PJL	SAS	2
HG01583	PJL	SAS	1
HG01586	PJL	SAS	1
HG01589	PJL	SAS	1
HG01590	PJL	SAS	2
HG01593	PJL	SAS	2
HG01594	PJL	SAS	1
HG02490	PJL	SAS	1
HG02491	PJL	SAS	2
HG02492	PJL	SAS	1
HG02493	PJL	SAS	1
HG02494	PJL	SAS	2
HG02495	PJL	SAS	2
HG02597	PJL	SAS	1
HG02599	PJL	SAS	1
HG02600	PJL	SAS	1
HG02601	PJL	SAS	2
HG02602	PJL	SAS	1
HG02603	PJL	SAS	1
HG02604	PJL	SAS	2
HG02605	PJL	SAS	2
HG02648	PJL	SAS	1
HG02649	PJL	SAS	2
HG02650	PJL	SAS	1
HG02651	PJL	SAS	1
HG02652	PJL	SAS	2
HG02653	PJL	SAS	2
HG02654	PJL	SAS	1
HG02655	PJL	SAS	2
HG02656	PJL	SAS	1
HG02657	PJL	SAS	1
HG02658	PJL	SAS	2
HG02659	PJL	SAS	2
HG02660	PJL	SAS	1
HG02661	PJL	SAS	2
HG02662	PJL	SAS	2
HG02681	PJL	SAS	1
HG02682	PJL	SAS	2
HG02683	PJL	SAS	2
HG02684	PJL	SAS	1
HG02685	PJL	SAS	2
HG02686	PJL	SAS	1
HG02687	PJL	SAS	1
HG02688	PJL	SAS	2
HG02689	PJL	SAS	1
HG02690	PJL	SAS	1
HG02691	PJL	SAS	2
HG02692	PJL	SAS	2
HG02694	PJL	SAS	2
HG02696	PJL	SAS	1
HG02697	PJL	SAS	2
HG02698	PJL	SAS	1
HG02699	PJL	SAS	1
HG02700	PJL	SAS	2
HG02701	PJL	SAS	1
HG02724	PJL	SAS	1
HG02725	PJL	SAS	2
HG02726	PJL	SAS	2
HG02727	PJL	SAS	1
HG02728	PJL	SAS	2
HG02729	PJL	SAS	1
HG02731	PJL	SAS	2
HG02733	PJL	SAS	1
HG02734	PJL	SAS	2
HG02735	PJL	SAS	1
HG02736	PJL	SAS	1
HG02737	PJL	SAS	2
HG02738	PJL	SAS	1
HG02774	PJL	SAS	1
HG02775	PJL	SAS	2
HG02776	PJL	SAS	2
HG02778	PJL	SAS	2
HG02779	PJL	SAS	1
HG02780	PJL	SAS	1
HG02781	PJL	SAS	2
HG02783	PJL	SAS	1
HG02784	PJL	SAS	2
HG02785	PJL	SAS	2
HG02786	PJL	SAS	1
HG02787	PJL	SAS	2
HG02788	PJL	SAS	2
HG02789	PJL	SAS	1
HG02790	PJL	SAS	2
HG02791	PJL	SAS	1
HG02792	PJL	SAS	1
HG02793	PJL	SAS	2
HG02794	PJL	SAS	1
HG03015	PJL	SAS	1
HG03016	PJL	SAS	2
HG03017	PJL	SAS	1
HG03018	PJL	SAS	1
HG03019	PJL	SAS	2
HG03021	PJL	SAS	1
HG03023	PJL	SAS	1
HG03228	PJL	SAS	1
HG03229	PJL	SAS	2
HG03230	PJL	SAS	2
HG03234	PJL	SAS	1
HG03235	PJL	SAS	2
HG03236	PJL	SAS	2
HG03237	PJL	SAS	1
HG03238	PJL	SAS	2
HG03239	PJL	SAS	2
HG03487	PJL	SAS	1
HG03488	PJL	SAS	2
HG03489	PJL	SAS	1
HG03490	PJL	SAS	1
HG03491	PJL	SAS	2
HG03492	PJL	SAS	1
HG03618	PJL	SAS	1
HG03619	PJL	SAS	2
HG03620	PJL	SAS	2
HG03621	PJL	SAS	1
HG03624	PJL	SAS	1
HG03625	PJL	SAS	2
HG03626	PJL	SAS	2
HG03629	PJL	SAS	1
HG03631	PJL	SAS	2
HG03633	PJL	SAS	1
HG03634	PJL	SAS	2
HG03635	PJL	SAS	2
HG03636	PJL	SAS	1
HG03638	PJL	SAS	2
HG03639	PJL	SAS	1
HG03640	PJL	SAS	2
HG03641	PJL	SAS	1
HG03649	PJL	SAS	1
HG03650	PJL	SAS	2
HG03651	PJL	SAS	1
HG03652	PJL	SAS	1
HG03653	PJL	SAS	2
HG03654	PJL	SAS	1
HG03656	PJL	SAS	2
HG03657	PJL	SAS	1
HG03660	PJL	SAS	1
HG03663	PJL	SAS	1
HG03667	PJL	SAS	1
HG03668	PJL	SAS	2
HG03669	PJL	SAS	2
HG03699	PJL	SAS	1
HG03700	PJL	SAS	2
HG03701	PJL	SAS	1
HG03702	PJL	SAS	1
HG03703	PJL	SAS	2
HG03704	PJL	SAS	2
HG03705	PJL	SAS	1
HG03706	PJL	SAS	2
HG03707	PJL	SAS	1
HG03708	PJL	SAS	1
HG03709	PJL	SAS	2
HG03710	PJL	SAS	1
HG03761	PJL	SAS	1
HG03762	PJL	SAS	2
HG03763	PJL	SAS	1
HG03765	PJL	SAS	2
HG03766	PJL	SAS	1
HG03767	PJL	SAS	1
HG03769	PJL	SAS	1
HG00551	PUR	AMR	2
HG00552	PUR	AMR	1
HG01075	PUR	AMR	1
HG00553	PUR	AMR	1
HG00554	PUR	AMR	2
HG00555	PUR	AMR	2
HG00637	PUR	AMR	1
HG00638	PUR	AMR	2
HG00639	PUR	AMR	2
HG00640	PUR	AMR	1
HG00641	PUR	AMR	2
HG00642	PUR	AMR	1
HG00731	PUR	AMR	1
HG00732	PUR	AMR	2
HG00733	PUR	AMR	2
HG00734	PUR	AMR	2
HG00735	PUR	AMR	2
HG01047	PUR	AMR	1
HG00736	PUR	AMR	1
HG00737	PUR	AMR	2
HG00738	PUR	AMR	1
HG01048	PUR	AMR	1
HG01049	PUR	AMR	2
HG01050	PUR	AMR	2
HG00739	PUR	AMR	1
HG00740	PUR	AMR	2
HG00741	PUR	AMR	2
HG00742	PUR	AMR	1
HG00743	PUR	AMR	2
HG01051	PUR	AMR	1
HG01052	PUR	AMR	2
HG01053	PUR	AMR	2
HG01054	PUR	AMR	1
HG01055	PUR	AMR	2
HG01056	PUR	AMR	1
HG01058	PUR	AMR	2
HG01060	PUR	AMR	1
HG01061	PUR	AMR	2
HG01062	PUR	AMR	2
HG01063	PUR	AMR	1
HG01064	PUR	AMR	2
HG01066	PUR	AMR	1
HG01067	PUR	AMR	2
HG01068	PUR	AMR	2
HG01069	PUR	AMR	1
HG01070	PUR	AMR	2
HG01071	PUR	AMR	2
HG01072	PUR	AMR	1
HG01073	PUR	AMR	2
HG01074	PUR	AMR	1
HG01101	PUR	AMR	1
HG01102	PUR	AMR	2
HG01103	PUR	AMR	2
HG01077	PUR	AMR	2
HG01079	PUR	AMR	1
HG01080	PUR	AMR	2
HG01081	PUR	AMR	2
HG01241	PUR	AMR	1
HG01242	PUR	AMR	2
HG01243	PUR	AMR	1
HG01170	PUR	AMR	1
HG01171	PUR	AMR	2
HG01172	PUR	AMR	1
HG01104	PUR	AMR	1
HG01105	PUR	AMR	2
HG01106	PUR	AMR	1
HG01085	PUR	AMR	1
HG01086	PUR	AMR	2
HG01087	PUR	AMR	2
HG01088	PUR	AMR	1
HG01089	PUR	AMR	2
HG01090	PUR	AMR	1
HG01082	PUR	AMR	1
HG01083	PUR	AMR	2
HG01084	PUR	AMR	2
HG01094	PUR	AMR	1
HG01095	PUR	AMR	2
HG01096	PUR	AMR	1
HG01092	PUR	AMR	2
HG01097	PUR	AMR	1
HG01098	PUR	AMR	2
HG01099	PUR	AMR	1
HG01100	PUR	AMR	2
HG01247	PUR	AMR	1
HG01248	PUR	AMR	2
HG01107	PUR	AMR	1
HG01108	PUR	AMR	2
HG01109	PUR	AMR	1
HG01110	PUR	AMR	1
HG01111	PUR	AMR	2
HG01249	PUR	AMR	2
HG01161	PUR	AMR	1
HG01162	PUR	AMR	2
HG01173	PUR	AMR	1
HG01174	PUR	AMR	2
HG01175	PUR	AMR	2
HG01164	PUR	AMR	1
HG01187	PUR	AMR	1
HG01188	PUR	AMR	2
HG01189	PUR	AMR	1
HG01167	PUR	AMR	1
HG01168	PUR	AMR	2
HG01169	PUR	AMR	2
HG01190	PUR	AMR	1
HG01191	PUR	AMR	2
HG01192	PUR	AMR	1
HG01176	PUR	AMR	1
HG01177	PUR	AMR	2
HG01178	PUR	AMR	1
HG01182	PUR	AMR	1
HG01183	PUR	AMR	2
HG01184	PUR	AMR	2
HG01195	PUR	AMR	2
HG01197	PUR	AMR	1
HG01198	PUR	AMR	2
HG01199	PUR	AMR	1
HG01200	PUR	AMR	1
HG01204	PUR	AMR	1
HG01205	PUR	AMR	2
HG01206	PUR	AMR	1
HG01286	PUR	AMR	1
HG01301	PUR	AMR	2
HG01302	PUR	AMR	1
HG01303	PUR	AMR	2
HG01305	PUR	AMR	1
HG01308	PUR	AMR	1
HG01311	PUR	AMR	1
HG01312	PUR	AMR	2
HG01411	PUR	AMR	1
HG01322	PUR	AMR	1
HG01323	PUR	AMR	2
HG01324	PUR	AMR	2
HG01325	PUR	AMR	1
HG01326	PUR	AMR	2
HG01327	PUR	AMR	1
HG01392	PUR	AMR	1
HG01393	PUR	AMR	2
HG01394	PUR	AMR	2
HG01395	PUR	AMR	1
HG01396	PUR	AMR	2
HG01397	PUR	AMR	2
HG01398	PUR	AMR	1
HG01402	PUR	AMR	1
HG01403	PUR	AMR	2
HG01404	PUR	AMR	2
HG01405	PUR	AMR	1
HG01412	PUR	AMR	1
HG01413	PUR	AMR	1
HG01414	PUR	AMR	2
HG01415	PUR	AMR	2
HG03646	STU	SAS	1
HG03645	STU	SAS	2
HG03643	STU	SAS	2
HG03644	STU	SAS	1
HG03642	STU	SAS	2
HG03679	STU	SAS	1
HG04204	STU	SAS	1
HG04215	STU	SAS	1
HG03999	STU	SAS	1
HG03672	STU	SAS	1
HG03680	STU	SAS	1
HG03673	STU	SAS	2
HG03948	STU	SAS	2
HG04040	STU	SAS	1
HG03681	STU	SAS	1
HG03682	STU	SAS	1
HG03683	STU	SAS	2
HG03684	STU	SAS	2
HG03685	STU	SAS	1
HG03951	STU	SAS	2
HG03686	STU	SAS	1
HG03687	STU	SAS	1
HG03688	STU	SAS	1
HG03885	STU	SAS	1
HG03886	STU	SAS	2
HG03689	STU	SAS	2
HG03690	STU	SAS	2
HG03691	STU	SAS	1
HG03692	STU	SAS	2
HG03693	STU	SAS	1
HG03995	STU	SAS	2
HG03694	STU	SAS	1
HG03695	STU	SAS	1
HG03696	STU	SAS	1
HG03835	STU	SAS	2
HG03840	STU	SAS	1
HG03697	STU	SAS	1
HG03698	STU	SAS	2
HG03711	STU	SAS	1
HG03740	STU	SAS	1
HG03741	STU	SAS	2
HG03884	STU	SAS	2
HG03733	STU	SAS	2
HG03736	STU	SAS	2
HG03738	STU	SAS	1
HG03743	STU	SAS	1
HG03757	STU	SAS	2
HG03744	STU	SAS	1
HG03745	STU	SAS	1
HG03746	STU	SAS	1
HG03888	STU	SAS	2
HG03750	STU	SAS	1
HG03754	STU	SAS	2
HG03755	STU	SAS	1
HG03756	STU	SAS	2
HG03752	STU	SAS	2
HG03753	STU	SAS	1
HG03760	STU	SAS	2
HG03836	STU	SAS	2
HG03842	STU	SAS	2
HG03844	STU	SAS	1
HG04033	STU	SAS	1
HG03838	STU	SAS	2
HG04006	STU	SAS	1
HG03837	STU	SAS	1
HG03846	STU	SAS	1
HG03845	STU	SAS	1
HG03849	STU	SAS	2
HG03850	STU	SAS	1
HG03847	STU	SAS	1
HG03848	STU	SAS	1
HG03851	STU	SAS	1
HG03858	STU	SAS	2
HG03950	STU	SAS	1
HG03857	STU	SAS	2
HG03982	STU	SAS	1
HG03856	STU	SAS	1
HG03854	STU	SAS	1
HG04035	STU	SAS	2
HG03887	STU	SAS	1
HG03986	STU	SAS	2
HG03895	STU	SAS	2
HG03890	STU	SAS	1
HG03894	STU	SAS	2
HG03896	STU	SAS	1
HG04115	STU	SAS	1
HG03898	STU	SAS	2
HG03899	STU	SAS	1
HG03897	STU	SAS	2
HG03900	STU	SAS	1
HG03943	STU	SAS	1
HG03944	STU	SAS	2
HG03992	STU	SAS	1
HG04036	STU	SAS	2
HG04067	STU	SAS	2
HG03945	STU	SAS	2
HG03947	STU	SAS	2
HG03955	STU	SAS	2
HG04114	STU	SAS	1
HG03953	STU	SAS	1
HG03949	STU	SAS	2
HG03990	STU	SAS	1
HG03991	STU	SAS	1
HG03985	STU	SAS	1
HG03988	STU	SAS	1
HG03989	STU	SAS	2
HG03998	STU	SAS	1
HG04003	STU	SAS	1
HG04029	STU	SAS	2
HG04197	STU	SAS	2
HG04037	STU	SAS	2
HG04038	STU	SAS	2
HG04042	STU	SAS	2
HG04039	STU	SAS	1
HG04047	STU	SAS	2
HG04106	STU	SAS	2
HG04107	STU	SAS	1
HG04208	STU	SAS	2
HG04210	STU	SAS	1
HG04075	STU	SAS	2
HG04122	STU	SAS	1
HG04127	STU	SAS	1
HG04099	STU	SAS	2
HG04100	STU	SAS	1
HG04199	STU	SAS	1
HG04227	STU	SAS	2
HG04228	STU	SAS	1
HG04229	STU	SAS	1
NA20502	TSI	EUR	2
NA20503	TSI	EUR	2
NA20504	TSI	EUR	2
NA20505	TSI	EUR	2
NA20506	TSI	EUR	2
NA20507	TSI	EUR	2
NA20508	TSI	EUR	2
NA20509	TSI	EUR	1
NA20510	TSI	EUR	1
NA20511	TSI	EUR	1
NA20512	TSI	EUR	1
NA20513	TSI	EUR	1
NA20514	TSI	EUR	2
NA20515	TSI	EUR	1
NA20516	TSI	EUR	1
NA20517	TSI	EUR	2
NA20518	TSI	EUR	1
NA20519	TSI	EUR	1
NA20520	TSI	EUR	1
NA20521	TSI	EUR	1
NA20522	TSI	EUR	2
NA20524	TSI	EUR	1
NA20525	TSI	EUR	1
NA20526	TSI	EUR	2
NA20527	TSI	EUR	1
NA20528	TSI	EUR	1
NA20529	TSI	EUR	2
NA20530	TSI	EUR	2
NA20531	TSI	EUR	2
NA20532	TSI	EUR	1
NA20533	TSI	EUR	2
NA20534	TSI	EUR	1
NA20535	TSI	EUR	2
NA20536	TSI	EUR	1
NA20537	TSI	EUR	1
NA20538	TSI	EUR	1
NA20539	TSI	EUR	1
NA20540	TSI	EUR	2
NA20541	TSI	EUR	2
NA20542	TSI	EUR	2
NA20543	TSI	EUR	1
NA20544	TSI	EUR	1
NA20581	TSI	EUR	1
NA20582	TSI	EUR	2
NA20585	TSI	EUR	2
NA20586	TSI	EUR	1
NA20587	TSI	EUR	2
NA20588	TSI	EUR	1
NA20589	TSI	EUR	2
NA20752	TSI	EUR	1
NA20753	TSI	EUR	2
NA20754	TSI	EUR	1
NA20755	TSI	EUR	1
NA20756	TSI	EUR	2
NA20757	TSI	EUR	2
NA20758	TSI	EUR	1
NA20759	TSI	EUR	1
NA20760	TSI	EUR	2
NA20761	TSI	EUR	2
NA20762	TSI	EUR	1
NA20763	TSI	EUR	1
NA20764	TSI	EUR	2
NA20765	TSI	EUR	1
NA20766	TSI	EUR	2
NA20767	TSI	EUR	1
NA20768	TSI	EUR	2
NA20769	TSI	EUR	2
NA20770	TSI	EUR	1
NA20771	TSI	EUR	2
NA20772	TSI	EUR	2
NA20773	TSI	EUR	2
NA20774	TSI	EUR	2
NA20775	TSI	EUR	2
NA20778	TSI	EUR	1
NA20783	TSI	EUR	1
NA20785	TSI	EUR	1
NA20786	TSI	EUR	2
NA20787	TSI	EUR	1
NA20790	TSI	EUR	2
NA20792	TSI	EUR	1
NA20795	TSI	EUR	2
NA20796	TSI	EUR	1
NA20797	TSI	EUR	2
NA20798	TSI	EUR	1
NA20799	TSI	EUR	2
NA20800	TSI	EUR	2
NA20801	TSI	EUR	1
NA20802	TSI	EUR	2
NA20803	TSI	EUR	1
NA20804	TSI	EUR	2
NA20805	TSI	EUR	1
NA20806	TSI	EUR	1
NA20807	TSI	EUR	2
NA20808	TSI	EUR	2
NA20809	TSI	EUR	1
NA20810	TSI	EUR	1
NA20811	TSI	EUR	1
NA20812	TSI	EUR	1
NA20813	TSI	EUR	2
NA20814	TSI	EUR	1
NA20815	TSI	EUR	1
NA20816	TSI	EUR	1
NA20818	TSI	EUR	2
NA20819	TSI	EUR	2
NA20821	TSI	EUR	2
NA20822	TSI	EUR	2
NA20826	TSI	EUR	2
NA20827	TSI	EUR	1
NA20828	TSI	EUR	2
NA20829	TSI	EUR	1
NA20831	TSI	EUR	1
NA20832	TSI	EUR	2
NA18484	YRI	AFR	2
NA18486	YRI	AFR	1
NA18488	YRI	AFR	2
NA18485	YRI	AFR	1
NA18487	YRI	AFR	1
NA18489	YRI	AFR	2
NA18497	YRI	AFR	1
NA18498	YRI	AFR	1
NA18499	YRI	AFR	2
NA18500	YRI	AFR	1
NA18501	YRI	AFR	1
NA18502	YRI	AFR	2
NA18503	YRI	AFR	1
NA18504	YRI	AFR	1
NA18505	YRI	AFR	2
NA19107	YRI	AFR	1
NA19108	YRI	AFR	2
NA19109	YRI	AFR	2
NA18867	YRI	AFR	2
NA18868	YRI	AFR	1
NA18869	YRI	AFR	1
NA18506	YRI	AFR	1
NA18507	YRI	AFR	1
NA18508	YRI	AFR	2
NA18509	YRI	AFR	1
NA18511	YRI	AFR	2
NA18510	YRI	AFR	1
NA18858	YRI	AFR	2
NA18859	YRI	AFR	1
NA18860	YRI	AFR	1
NA18515	YRI	AFR	1
NA18516	YRI	AFR	1
NA18517	YRI	AFR	2
NA18518	YRI	AFR	2
NA18519	YRI	AFR	1
NA18520	YRI	AFR	2
NA18521	YRI	AFR	1
NA18522	YRI	AFR	1
NA18523	YRI	AFR	2
NA18870	YRI	AFR	2
NA18871	YRI	AFR	1
NA18872	YRI	AFR	1
NA18852	YRI	AFR	2
NA18853	YRI	AFR	1
NA18854	YRI	AFR	1
NA18873	YRI	AFR	2
NA18874	YRI	AFR	1
NA18875	YRI	AFR	2
NA18876	YRI	AFR	2
NA18877	YRI	AFR	1
NA18906	YRI	AFR	2
NA18878	YRI	AFR	2
NA18879	YRI	AFR	1
NA18881	YRI	AFR	2
NA18855	YRI	AFR	2
NA18856	YRI	AFR	1
NA18857	YRI	AFR	1
NA18861	YRI	AFR	2
NA18862	YRI	AFR	1
NA18863	YRI	AFR	1
NA19105	YRI	AFR	2
NA18907	YRI	AFR	2
NA19252	YRI	AFR	1
NA18908	YRI	AFR	1
NA18864	YRI	AFR	2
NA18865	YRI	AFR	1
NA18909	YRI	AFR	2
NA18910	YRI	AFR	1
NA18911	YRI	AFR	1
NA18912	YRI	AFR	2
NA18913	YRI	AFR	1
NA18914	YRI	AFR	1
NA18915	YRI	AFR	1
NA18916	YRI	AFR	2
NA18917	YRI	AFR	1
NA18930	YRI	AFR	2
NA18923	YRI	AFR	1
NA18924	YRI	AFR	2
NA18925	YRI	AFR	1
NA19197	YRI	AFR	2
NA19198	YRI	AFR	1
NA19199	YRI	AFR	2
NA18933	YRI	AFR	2
NA18934	YRI	AFR	1
NA18935	YRI	AFR	1
NA19184	YRI	AFR	1
NA19185	YRI	AFR	2
NA19186	YRI	AFR	1
NA19092	YRI	AFR	1
NA19093	YRI	AFR	2
NA19094	YRI	AFR	2
NA19095	YRI	AFR	2
NA19096	YRI	AFR	1
NA19097	YRI	AFR	2
NA19101	YRI	AFR	1
NA19102	YRI	AFR	2
NA19103	YRI	AFR	1
NA19137	YRI	AFR	2
NA19138	YRI	AFR	1
NA19139	YRI	AFR	1
NA19175	YRI	AFR	1
NA19176	YRI	AFR	2
NA19177	YRI	AFR	1
NA19200	YRI	AFR	1
NA19201	YRI	AFR	2
NA19202	YRI	AFR	2
NA19171	YRI	AFR	1
NA19172	YRI	AFR	2
NA19173	YRI	AFR	1
NA19203	YRI	AFR	1
NA19204	YRI	AFR	2
NA19205	YRI	AFR	1
NA19166	YRI	AFR	2
NA19209	YRI	AFR	2
NA19210	YRI	AFR	1
NA19211	YRI	AFR	1
NA19206	YRI	AFR	2
NA19207	YRI	AFR	1
NA19208	YRI	AFR	1
NA19159	YRI	AFR	2
NA19160	YRI	AFR	1
NA19161	YRI	AFR	1
NA19224	YRI	AFR	1
NA19225	YRI	AFR	2
NA19226	YRI	AFR	1
NA19221	YRI	AFR	2
NA19222	YRI	AFR	2
NA19223	YRI	AFR	1
NA19116	YRI	AFR	2
NA19119	YRI	AFR	1
NA19120	YRI	AFR	1
NA19121	YRI	AFR	1
NA19122	YRI	AFR	2
NA19123	YRI	AFR	1
NA19254	YRI	AFR	2
NA19140	YRI	AFR	2
NA19141	YRI	AFR	1
NA19142	YRI	AFR	1
NA19152	YRI	AFR	2
NA19153	YRI	AFR	1
NA19154	YRI	AFR	1
NA19149	YRI	AFR	2
NA19150	YRI	AFR	1
NA19151	YRI	AFR	2
NA19143	YRI	AFR	2
NA19144	YRI	AFR	1
NA19145	YRI	AFR	1
NA19146	YRI	AFR	1
NA19147	YRI	AFR	2
NA19148	YRI	AFR	2
NA19127	YRI	AFR	2
NA19128	YRI	AFR	1
NA19129	YRI	AFR	2
NA19113	YRI	AFR	1
NA19114	YRI	AFR	2
NA19115	YRI	AFR	2
NA19104	YRI	AFR	1
NA19256	YRI	AFR	1
NA19257	YRI	AFR	2
NA19258	YRI	AFR	1
NA19117	YRI	AFR	1
NA19118	YRI	AFR	2
NA19174	YRI	AFR	1
NA19130	YRI	AFR	1
NA19131	YRI	AFR	2
NA19132	YRI	AFR	2
NA19098	YRI	AFR	1
NA19099	YRI	AFR	2
NA19100	YRI	AFR	2
NA19195	YRI	AFR	1
NA19196	YRI	AFR	2
NA19213	YRI	AFR	1
NA19214	YRI	AFR	2
NA19215	YRI	AFR	2
NA19189	YRI	AFR	1
NA19190	YRI	AFR	2
NA19191	YRI	AFR	1
NA19235	YRI	AFR	2
NA19236	YRI	AFR	1
NA19237	YRI	AFR	2
NA19238	YRI	AFR	2
NA19239	YRI	AFR	1
NA19240	YRI	AFR	2
NA19247	YRI	AFR	2
NA19248	YRI	AFR	1
NA19249	YRI	AFR	1
